Year,Month,Day,File_Name,Subject,Non-RCV Result
2004,January,21,Ireland-seanad-minutes-2004January21-p5.html,21/Jan/2004 Order of Business.,Order of Business agreed to.
2004,January,21,Ireland-seanad-minutes-2004January21-p6.html,21/Jan/2004 Procedures of Seanad: Motion.,Question put and agreed to.
2004,January,21,Ireland-seanad-minutes-2004January21-p8.html,21/Jan/2004 Recognition of the Irish Language: Motion.,Question put and agreed to.
2004,January,22,Ireland-seanad-minutes-2004January22-p5.html,22/Jan/2004 Order of Business.,Order of Business agreed to.
2004,January,22,Ireland-seanad-minutes-2004January22-p6.html,22/Jan/2004 Report on Future Skills Needs: Statements.,An Leas-Chathaoirleach:Is that agreed? Agreed.
2004,January,27,Ireland-seanad-minutes-2004January27-p4.html,27/Jan/2004 Order of Business.,Order of Business agreed to.
2004,January,27,Ireland-seanad-minutes-2004January27-p5.html,27/Jan/2004 Water Services Bill 2003: Order for Second Stage.,Question put and agreed to.
2004,January,27,Ireland-seanad-minutes-2004January27-p6.html,27/Jan/2004 Water Services Bill 2003: Second Stage.,Acting Chairman (Mr. Cummins):Is that agreed? Agreed.
2004,January,27,Ireland-seanad-minutes-2004January27-p6.html,27/Jan/2004 Water Services Bill 2003: Second Stage.,Acting Chairman:Is that agreed? Agreed.
2004,January,27,Ireland-seanad-minutes-2004January27-p6.html,27/Jan/2004 Water Services Bill 2003: Second Stage.,Question put and agreed to.
2004,January,28,Ireland-seanad-minutes-2004January28-p4.html,28/Jan/2004 Order of Business.,[184]Order of Business agreed to.
2004,January,28,Ireland-seanad-minutes-2004January28-p5.html,28/Jan/2004 An Bord Bia (Amendment) Bill 2003: Order for Second Stage.,Question put and agreed to.
2004,January,28,Ireland-seanad-minutes-2004January28-p6.html,28/Jan/2004 An Bord Bia (Amendment) Bill 2003: Second Stage.,Question put and agreed to.
2004,January,28,Ireland-seanad-minutes-2004January28-p7.html,28/Jan/2004 Services for Victims of Domestic Violence: Statements.,Acting Chairman:Is it agreed to suspend for five minutes? Agreed.
2004,January,28,Ireland-seanad-minutes-2004January28-p7.html,28/Jan/2004 Services for Victims of Domestic Violence: Statements.,An Leas-Chathaoirleach:Is that agreed? Agreed.
2004,January,28,Ireland-seanad-minutes-2004January28-p8.html,28/Jan/2004 F&Aacute;S Community Employment Schemes: Motion.,"Motion, as amended, put and declared carried."
2004,January,29,Ireland-seanad-minutes-2004January29-p4.html,29/Jan/2004 Order of Business.,Order of Business agreed to.
2004,January,29,Ireland-seanad-minutes-2004January29-p5.html,29/Jan/2004 Electronic Voting: Motion.,Question put and agreed to.
2004,January,29,Ireland-seanad-minutes-2004January29-p8.html,29/Jan/2004 European Presidency: Statements.,"An Cathaoirleach:As agreed on the Order of Business, each group has eight minutes."
2004,January,29,Ireland-seanad-minutes-2004January29-p8.html,29/Jan/2004 European Presidency: Statements.,An Cathaoirleach:Is that agreed? Agreed.
2004,January,30,Ireland-seanad-minutes-2004January30-p3.html,30/Jan/2004 Order of Business.,Question put: That the Order of Business be agreed to.
2004,January,30,Ireland-seanad-minutes-2004January30-p4.html,30/Jan/2004 Immigration Bill 2004: Order for Second Stage.,Question put and agreed to.
2004,January,30,Ireland-seanad-minutes-2004January30-p5.html,30/Jan/2004 Immigration Bill 2004: Second Stage.,Mr. O'Toole:We are agreed on that point.
2004,January,30,Ireland-seanad-minutes-2004January30-p5.html,30/Jan/2004 Immigration Bill 2004: Second Stage.,Question declared carried.
2004,January,30,Ireland-seanad-minutes-2004January30-p6.html,30/Jan/2004 Immigration Bill 2004: Committee and Remaining Stages.,Section 1 agreed to.
2004,January,30,Ireland-seanad-minutes-2004January30-p6.html,30/Jan/2004 Immigration Bill 2004: Committee and Remaining Stages.,Sections 2 and 3 agreed to.
2004,January,30,Ireland-seanad-minutes-2004January30-p6.html,30/Jan/2004 Immigration Bill 2004: Committee and Remaining Stages.,Amendment agreed to.
2004,January,30,Ireland-seanad-minutes-2004January30-p6.html,30/Jan/2004 Immigration Bill 2004: Committee and Remaining Stages.,[382]Amendment agreed to.
2004,January,30,Ireland-seanad-minutes-2004January30-p6.html,30/Jan/2004 Immigration Bill 2004: Committee and Remaining Stages.,"Section 4, as amended, agreed to."
2004,January,30,Ireland-seanad-minutes-2004January30-p6.html,30/Jan/2004 Immigration Bill 2004: Committee and Remaining Stages.,Sections 5 and 6 agreed to.
2004,January,30,Ireland-seanad-minutes-2004January30-p6.html,30/Jan/2004 Immigration Bill 2004: Committee and Remaining Stages.,Sections 7 and 8 agreed to.
2004,January,30,Ireland-seanad-minutes-2004January30-p6.html,30/Jan/2004 Immigration Bill 2004: Committee and Remaining Stages.,Amendment agreed to.
2004,January,30,Ireland-seanad-minutes-2004January30-p6.html,30/Jan/2004 Immigration Bill 2004: Committee and Remaining Stages.,"Section 9, as amended, agreed to."
2004,January,30,Ireland-seanad-minutes-2004January30-p6.html,30/Jan/2004 Immigration Bill 2004: Committee and Remaining Stages.,Section 10 agreed to.
2004,January,30,Ireland-seanad-minutes-2004January30-p6.html,30/Jan/2004 Immigration Bill 2004: Committee and Remaining Stages.,Section 11 agreed to.
2004,January,30,Ireland-seanad-minutes-2004January30-p6.html,30/Jan/2004 Immigration Bill 2004: Committee and Remaining Stages.,Section 12 agreed to.
2004,January,30,Ireland-seanad-minutes-2004January30-p6.html,30/Jan/2004 Immigration Bill 2004: Committee and Remaining Stages.,"Sections 13 to 15, inclusive, agreed to."
2004,January,30,Ireland-seanad-minutes-2004January30-p6.html,30/Jan/2004 Immigration Bill 2004: Committee and Remaining Stages.,Amendment agreed to.
2004,January,30,Ireland-seanad-minutes-2004January30-p6.html,30/Jan/2004 Immigration Bill 2004: Committee and Remaining Stages.,"Section 16, as amended, agreed to."
2004,January,30,Ireland-seanad-minutes-2004January30-p6.html,30/Jan/2004 Immigration Bill 2004: Committee and Remaining Stages.,Section 17 agreed to.
2004,January,30,Ireland-seanad-minutes-2004January30-p6.html,30/Jan/2004 Immigration Bill 2004: Committee and Remaining Stages.,[383]Section 18 agreed to.
2004,January,30,Ireland-seanad-minutes-2004January30-p6.html,30/Jan/2004 Immigration Bill 2004: Committee and Remaining Stages.,"Sections 19 to 22, inclusive, agreed to."
2004,January,30,Ireland-seanad-minutes-2004January30-p6.html,30/Jan/2004 Immigration Bill 2004: Committee and Remaining Stages.,Schedule agreed to.
2004,January,30,Ireland-seanad-minutes-2004January30-p6.html,30/Jan/2004 Immigration Bill 2004: Committee and Remaining Stages.,Title agreed to.
2004,January,30,Ireland-seanad-minutes-2004January30-p6.html,30/Jan/2004 Immigration Bill 2004: Committee and Remaining Stages.,Question put and agreed to.
2004,February,04,Ireland-seanad-minutes-2004February04-p4.html,04/Feb/2004 Order of Business.,Order of Business agreed to.
2004,February,04,Ireland-seanad-minutes-2004February04-p5.html,04/Feb/2004 An Bord Bia (Amendment) Bill 2003: Committee and Remaining Stages.,"Sections 1 to 13, inclusive, agreed to."
2004,February,04,Ireland-seanad-minutes-2004February04-p5.html,04/Feb/2004 An Bord Bia (Amendment) Bill 2003: Committee and Remaining Stages.,Section 14 agreed to.
2004,February,04,Ireland-seanad-minutes-2004February04-p5.html,04/Feb/2004 An Bord Bia (Amendment) Bill 2003: Committee and Remaining Stages.,"Sections 15 to 17, inclusive, agreed to."
2004,February,04,Ireland-seanad-minutes-2004February04-p5.html,04/Feb/2004 An Bord Bia (Amendment) Bill 2003: Committee and Remaining Stages.,Amendment declared lost.
2004,February,04,Ireland-seanad-minutes-2004February04-p5.html,04/Feb/2004 An Bord Bia (Amendment) Bill 2003: Committee and Remaining Stages.,"Question, That the words proposed to be deleted stand, put and declared carried."
2004,February,04,Ireland-seanad-minutes-2004February04-p5.html,04/Feb/2004 An Bord Bia (Amendment) Bill 2003: Committee and Remaining Stages.,Amendment declared lost.
2004,February,04,Ireland-seanad-minutes-2004February04-p5.html,04/Feb/2004 An Bord Bia (Amendment) Bill 2003: Committee and Remaining Stages.,"Question, That the words proposed to be deleted stand, put and declared carried."
2004,February,04,Ireland-seanad-minutes-2004February04-p5.html,04/Feb/2004 An Bord Bia (Amendment) Bill 2003: Committee and Remaining Stages.,Amendment declared lost.
2004,February,04,Ireland-seanad-minutes-2004February04-p5.html,04/Feb/2004 An Bord Bia (Amendment) Bill 2003: Committee and Remaining Stages.,"Question, That the words proposed to be deleted stand, put and declared carried."
2004,February,04,Ireland-seanad-minutes-2004February04-p5.html,04/Feb/2004 An Bord Bia (Amendment) Bill 2003: Committee and Remaining Stages.,Amendment declared lost.
2004,February,04,Ireland-seanad-minutes-2004February04-p5.html,04/Feb/2004 An Bord Bia (Amendment) Bill 2003: Committee and Remaining Stages.,Section 18 agreed to.
2004,February,04,Ireland-seanad-minutes-2004February04-p5.html,04/Feb/2004 An Bord Bia (Amendment) Bill 2003: Committee and Remaining Stages.,Amendment put and declared lost.
2004,February,04,Ireland-seanad-minutes-2004February04-p5.html,04/Feb/2004 An Bord Bia (Amendment) Bill 2003: Committee and Remaining Stages.,Section 19 agreed to.
2004,February,04,Ireland-seanad-minutes-2004February04-p5.html,04/Feb/2004 An Bord Bia (Amendment) Bill 2003: Committee and Remaining Stages.,"Sections 20 to 22, inclusive, agreed to."
2004,February,04,Ireland-seanad-minutes-2004February04-p5.html,04/Feb/2004 An Bord Bia (Amendment) Bill 2003: Committee and Remaining Stages.,Title agreed to.
2004,February,04,Ireland-seanad-minutes-2004February04-p5.html,04/Feb/2004 An Bord Bia (Amendment) Bill 2003: Committee and Remaining Stages.,Question put and agreed to.
2004,February,04,Ireland-seanad-minutes-2004February04-p7.html,04/Feb/2004 Equality Bill 2004: Order for Second Stage.,Question put and agreed to.
2004,February,04,Ireland-seanad-minutes-2004February04-p8.html,04/Feb/2004 Equality Bill 2004: Second Stage.,Ms White:We agreed earlier to change the order and that Senator Tuffy would speak next.
2004,February,04,Ireland-seanad-minutes-2004February04-p8.html,04/Feb/2004 Equality Bill 2004: Second Stage.,Question put and agreed to.
2004,February,04,Ireland-seanad-minutes-2004February04-p9.html,04/Feb/2004 Israel-Palestine: Motion.,An Cathaoirleach:Is that agreed? Agreed.
2004,February,04,Ireland-seanad-minutes-2004February04-p9.html,04/Feb/2004 Israel-Palestine: Motion.,Question put and agreed to.
2004,February,05,Ireland-seanad-minutes-2004February05-p4.html,05/Feb/2004 Order of Business.,Order of Business agreed to.
2004,February,05,Ireland-seanad-minutes-2004February05-p5.html,05/Feb/2004 Interventions in Debate: Motion.,Question put and agreed to.
2004,February,11,Ireland-seanad-minutes-2004February11-p10.html,11/Feb/2004 Civil Registration Bill 2003: Second Stage.,An Leas-Chathaoirleach:Is that agreed? Agreed.
2004,February,11,Ireland-seanad-minutes-2004February11-p11.html,11/Feb/2004 Regional Development: Motion.,An Cathaoirleach:Is that agreed? Agreed.
2004,February,11,Ireland-seanad-minutes-2004February11-p11.html,11/Feb/2004 Regional Development: Motion.,An Cathaoirleach:Is that agreed? Agreed.
2004,February,11,Ireland-seanad-minutes-2004February11-p11.html,11/Feb/2004 Regional Development: Motion.,An Leas-Chathaoirleach:Is that agreed? Agreed.
2004,February,11,Ireland-seanad-minutes-2004February11-p11.html,11/Feb/2004 Regional Development: Motion.,[690]An Leas-Chathaoirleach:Is that agreed? Agreed.
2004,February,11,Ireland-seanad-minutes-2004February11-p11.html,11/Feb/2004 Regional Development: Motion.,An Leas-Chathaoirleach:Is that agreed? Agreed.
2004,February,11,Ireland-seanad-minutes-2004February11-p11.html,11/Feb/2004 Regional Development: Motion.,[695]Amendment declared lost.
2004,February,11,Ireland-seanad-minutes-2004February11-p11.html,11/Feb/2004 Regional Development: Motion.,Motion put and declared carried.
2004,February,11,Ireland-seanad-minutes-2004February11-p12.html,11/Feb/2004 Civil Registration Bill 2003: Second Stage (Resumed).,Question put and agreed to.
2004,February,11,Ireland-seanad-minutes-2004February11-p15.html,11/Feb/2004 Water Sports Vehicles.,An Cathaoirleach:Is that agreed? Agreed.
2004,February,11,Ireland-seanad-minutes-2004February11-p4.html,11/Feb/2004 Order of Business.,Question put: That the Order of Business be agreed to.
2004,February,11,Ireland-seanad-minutes-2004February11-p5.html,11/Feb/2004 Presidential Appointment: Motion.,Question put and agreed to.
2004,February,11,Ireland-seanad-minutes-2004February11-p6.html,11/Feb/2004 Immigration Bill 2004 [Seanad Bill amended by the D&aacute;il]: Report and Final Stages.,An Leas-Chathaoirleach:Is Report Stage agreed?
2004,February,11,Ireland-seanad-minutes-2004February11-p6.html,11/Feb/2004 Immigration Bill 2004 [Seanad Bill amended by the D&aacute;il]: Report and Final Stages.,Question put and declared carried.
2004,February,11,Ireland-seanad-minutes-2004February11-p8.html,11/Feb/2004 Business of Seanad.,Acting Chairman:Is the proposal to amend the Order of Business agreed to? Agreed.
2004,February,11,Ireland-seanad-minutes-2004February11-p9.html,11/Feb/2004 Electronic Voting: Statements.,Acting Chairman:Is that agreed? Agreed.
2004,February,11,Ireland-seanad-minutes-2004February11-p9.html,11/Feb/2004 Electronic Voting: Statements.,Acting Chairman:Is the House agreed? Agreed.
2004,February,11,Ireland-seanad-minutes-2004February11-p9.html,11/Feb/2004 Electronic Voting: Statements.,"Acting Chairman:I have been told I must conclude the debate at 4 p.m., as the House agreed."
2004,February,12,Ireland-seanad-minutes-2004February12-p4.html,12/Feb/2004 Order of Business.,Order of Business agreed to.
2004,February,12,Ireland-seanad-minutes-2004February12-p5.html,12/Feb/2004 European Parliament Elections (Amendment) Bill 2003: Second Stage.,An Leas-Chathaoirleach:Is that agreed? Agreed.
2004,February,12,Ireland-seanad-minutes-2004February12-p5.html,12/Feb/2004 European Parliament Elections (Amendment) Bill 2003: Second Stage.,Question put and agreed to.
2004,February,18,Ireland-seanad-minutes-2004February18-p5.html,18/Feb/2004 Order of Business.,Order of Business agreed to.
2004,February,18,Ireland-seanad-minutes-2004February18-p6.html,18/Feb/2004 Equality Bill 2004: Committee Stage.,Sections 1 and 2 agreed to.
2004,February,18,Ireland-seanad-minutes-2004February18-p6.html,18/Feb/2004 Equality Bill 2004: Committee Stage.,Amendment agreed to.
2004,February,18,Ireland-seanad-minutes-2004February18-p6.html,18/Feb/2004 Equality Bill 2004: Committee Stage.,Amendment agreed to.
2004,February,18,Ireland-seanad-minutes-2004February18-p6.html,18/Feb/2004 Equality Bill 2004: Committee Stage.,Amendment agreed to.
2004,February,18,Ireland-seanad-minutes-2004February18-p6.html,18/Feb/2004 Equality Bill 2004: Committee Stage.,"Section 3, as amended, agreed to."
2004,February,18,Ireland-seanad-minutes-2004February18-p6.html,18/Feb/2004 Equality Bill 2004: Committee Stage.,Section 4 agreed to.
2004,February,18,Ireland-seanad-minutes-2004February18-p6.html,18/Feb/2004 Equality Bill 2004: Committee Stage.,Section 5 agreed to.
2004,February,18,Ireland-seanad-minutes-2004February18-p6.html,18/Feb/2004 Equality Bill 2004: Committee Stage.,"Sections 6 to 8, inclusive, agreed to."
2004,February,18,Ireland-seanad-minutes-2004February18-p6.html,18/Feb/2004 Equality Bill 2004: Committee Stage.,Section 9 agreed to.
2004,February,18,Ireland-seanad-minutes-2004February18-p6.html,18/Feb/2004 Equality Bill 2004: Committee Stage.,Section 10 agreed to.
2004,February,18,Ireland-seanad-minutes-2004February18-p6.html,18/Feb/2004 Equality Bill 2004: Committee Stage.,"[807]Sections 11 to 15, inclusive, agreed to."
2004,February,18,Ireland-seanad-minutes-2004February18-p6.html,18/Feb/2004 Equality Bill 2004: Committee Stage.,Question put and agreed to.
2004,February,18,Ireland-seanad-minutes-2004February18-p6.html,18/Feb/2004 Equality Bill 2004: Committee Stage.,"Sections 17 to 23, inclusive, agreed to."
2004,February,18,Ireland-seanad-minutes-2004February18-p6.html,18/Feb/2004 Equality Bill 2004: Committee Stage.,Section 24 agreed to.
2004,February,18,Ireland-seanad-minutes-2004February18-p6.html,18/Feb/2004 Equality Bill 2004: Committee Stage.,Section 25 agreed to.
2004,February,18,Ireland-seanad-minutes-2004February18-p6.html,18/Feb/2004 Equality Bill 2004: Committee Stage.,Amendment agreed to.
2004,February,18,Ireland-seanad-minutes-2004February18-p6.html,18/Feb/2004 Equality Bill 2004: Committee Stage.,Amendment agreed to.
2004,February,18,Ireland-seanad-minutes-2004February18-p6.html,18/Feb/2004 Equality Bill 2004: Committee Stage.,Section 26 agreed to.
2004,February,18,Ireland-seanad-minutes-2004February18-p6.html,18/Feb/2004 Equality Bill 2004: Committee Stage.,Amendment agreed to.
2004,February,18,Ireland-seanad-minutes-2004February18-p6.html,18/Feb/2004 Equality Bill 2004: Committee Stage.,Question put and agreed to.
2004,February,18,Ireland-seanad-minutes-2004February18-p6.html,18/Feb/2004 Equality Bill 2004: Committee Stage.,Section 28 agreed to.
2004,February,18,Ireland-seanad-minutes-2004February18-p6.html,18/Feb/2004 Equality Bill 2004: Committee Stage.,Section 29 agreed to.
2004,February,18,Ireland-seanad-minutes-2004February18-p6.html,18/Feb/2004 Equality Bill 2004: Committee Stage.,"Sections 30 to 42, inclusive, agreed to."
2004,February,18,Ireland-seanad-minutes-2004February18-p6.html,18/Feb/2004 Equality Bill 2004: Committee Stage.,Section 43 agreed to.
2004,February,18,Ireland-seanad-minutes-2004February18-p6.html,18/Feb/2004 Equality Bill 2004: Committee Stage.,Section 44 agreed to.
2004,February,18,Ireland-seanad-minutes-2004February18-p6.html,18/Feb/2004 Equality Bill 2004: Committee Stage.,Section 45 agreed to.
2004,February,18,Ireland-seanad-minutes-2004February18-p6.html,18/Feb/2004 Equality Bill 2004: Committee Stage.,Section 46 agreed to.
2004,February,18,Ireland-seanad-minutes-2004February18-p6.html,18/Feb/2004 Equality Bill 2004: Committee Stage.,Section 47 agreed to.
2004,February,18,Ireland-seanad-minutes-2004February18-p6.html,18/Feb/2004 Equality Bill 2004: Committee Stage.,"Sections 48 to 58, inclusive, agreed to."
2004,February,18,Ireland-seanad-minutes-2004February18-p6.html,18/Feb/2004 Equality Bill 2004: Committee Stage.,Title agreed to.
2004,February,18,Ireland-seanad-minutes-2004February18-p7.html,18/Feb/2004 Civil Registration Bill 2003: Committee Stage.,Question put and agreed to.
2004,February,18,Ireland-seanad-minutes-2004February18-p7.html,18/Feb/2004 Civil Registration Bill 2003: Committee Stage.,"Sections 2 to 12, inclusive, agreed to."
2004,February,18,Ireland-seanad-minutes-2004February18-p7.html,18/Feb/2004 Civil Registration Bill 2003: Committee Stage.,Section 13 agreed to.
2004,February,18,Ireland-seanad-minutes-2004February18-p7.html,18/Feb/2004 Civil Registration Bill 2003: Committee Stage.,"Sections 14 to 17, inclusive, agreed to."
2004,February,18,Ireland-seanad-minutes-2004February18-p7.html,18/Feb/2004 Civil Registration Bill 2003: Committee Stage.,Section 18 agreed to.
2004,February,18,Ireland-seanad-minutes-2004February18-p7.html,18/Feb/2004 Civil Registration Bill 2003: Committee Stage.,Question put and agreed to.
2004,February,18,Ireland-seanad-minutes-2004February18-p7.html,18/Feb/2004 Civil Registration Bill 2003: Committee Stage.,Section 20 agreed to.
2004,February,18,Ireland-seanad-minutes-2004February18-p7.html,18/Feb/2004 Civil Registration Bill 2003: Committee Stage.,Section 21 agreed to.
2004,February,18,Ireland-seanad-minutes-2004February18-p7.html,18/Feb/2004 Civil Registration Bill 2003: Committee Stage.,Section 22 agreed to.
2004,February,18,Ireland-seanad-minutes-2004February18-p7.html,18/Feb/2004 Civil Registration Bill 2003: Committee Stage.,Section 23 agreed to.
2004,February,18,Ireland-seanad-minutes-2004February18-p7.html,18/Feb/2004 Civil Registration Bill 2003: Committee Stage.,Section 24 agreed to.
2004,February,18,Ireland-seanad-minutes-2004February18-p7.html,18/Feb/2004 Civil Registration Bill 2003: Committee Stage.,Section 25 agreed to.
2004,February,18,Ireland-seanad-minutes-2004February18-p7.html,18/Feb/2004 Civil Registration Bill 2003: Committee Stage.,"Sections 26 to 42, inclusive, agreed to."
2004,February,18,Ireland-seanad-minutes-2004February18-p7.html,18/Feb/2004 Civil Registration Bill 2003: Committee Stage.,Section 43 agreed to.
2004,February,18,Ireland-seanad-minutes-2004February18-p7.html,18/Feb/2004 Civil Registration Bill 2003: Committee Stage.,Sections 44 and 45 agreed to.
2004,February,18,Ireland-seanad-minutes-2004February18-p7.html,18/Feb/2004 Civil Registration Bill 2003: Committee Stage.,Section 46 agreed to.
2004,February,18,Ireland-seanad-minutes-2004February18-p7.html,18/Feb/2004 Civil Registration Bill 2003: Committee Stage.,Sections 47 and 48 agreed to.
2004,February,18,Ireland-seanad-minutes-2004February18-p7.html,18/Feb/2004 Civil Registration Bill 2003: Committee Stage.,Section 49 agreed to.
2004,February,18,Ireland-seanad-minutes-2004February18-p7.html,18/Feb/2004 Civil Registration Bill 2003: Committee Stage.,Section 50 agreed to.
2004,February,18,Ireland-seanad-minutes-2004February18-p8.html,18/Feb/2004 Revenue Commissioners: Motion.,"Motion, as amended, agreed to."
2004,February,18,Ireland-seanad-minutes-2004February18-p9.html,18/Feb/2004 Civil Registration Bill 2003: Committee Stage (Resumed).,Amendment agreed to.
2004,February,18,Ireland-seanad-minutes-2004February18-p9.html,18/Feb/2004 Civil Registration Bill 2003: Committee Stage (Resumed).,"Section 51, as amended, agreed to."
2004,February,18,Ireland-seanad-minutes-2004February18-p9.html,18/Feb/2004 Civil Registration Bill 2003: Committee Stage (Resumed).,"Sections 52 to 55, inclusive, agreed to."
2004,February,18,Ireland-seanad-minutes-2004February18-p9.html,18/Feb/2004 Civil Registration Bill 2003: Committee Stage (Resumed).,Amendment agreed to.
2004,February,18,Ireland-seanad-minutes-2004February18-p9.html,18/Feb/2004 Civil Registration Bill 2003: Committee Stage (Resumed).,"Section 56, as amended, agreed to."
2004,February,18,Ireland-seanad-minutes-2004February18-p9.html,18/Feb/2004 Civil Registration Bill 2003: Committee Stage (Resumed).,Sections 57 and 58 agreed to.
2004,February,18,Ireland-seanad-minutes-2004February18-p9.html,18/Feb/2004 Civil Registration Bill 2003: Committee Stage (Resumed).,Section 59 agreed to.
2004,February,18,Ireland-seanad-minutes-2004February18-p9.html,18/Feb/2004 Civil Registration Bill 2003: Committee Stage (Resumed).,Section 60 agreed to.
2004,February,18,Ireland-seanad-minutes-2004February18-p9.html,18/Feb/2004 Civil Registration Bill 2003: Committee Stage (Resumed).,Section 61 agreed to.
2004,February,18,Ireland-seanad-minutes-2004February18-p9.html,18/Feb/2004 Civil Registration Bill 2003: Committee Stage (Resumed).,Question put and agreed to.
2004,February,18,Ireland-seanad-minutes-2004February18-p9.html,18/Feb/2004 Civil Registration Bill 2003: Committee Stage (Resumed).,Section 63 agreed to.
2004,February,18,Ireland-seanad-minutes-2004February18-p9.html,18/Feb/2004 Civil Registration Bill 2003: Committee Stage (Resumed).,Section 64 agreed to.
2004,February,18,Ireland-seanad-minutes-2004February18-p9.html,18/Feb/2004 Civil Registration Bill 2003: Committee Stage (Resumed).,Section 65 agreed to.
2004,February,18,Ireland-seanad-minutes-2004February18-p9.html,18/Feb/2004 Civil Registration Bill 2003: Committee Stage (Resumed).,"Sections 66 to 73, inclusive, agreed to."
2004,February,18,Ireland-seanad-minutes-2004February18-p9.html,18/Feb/2004 Civil Registration Bill 2003: Committee Stage (Resumed).,Amendment put and declared lost.
2004,February,18,Ireland-seanad-minutes-2004February18-p9.html,18/Feb/2004 Civil Registration Bill 2003: Committee Stage (Resumed).,Question put and agreed to.
2004,February,18,Ireland-seanad-minutes-2004February18-p9.html,18/Feb/2004 Civil Registration Bill 2003: Committee Stage (Resumed).,Second Schedule agreed to.
2004,February,18,Ireland-seanad-minutes-2004February18-p9.html,18/Feb/2004 Civil Registration Bill 2003: Committee Stage (Resumed).,Title agreed to.
2004,February,19,Ireland-seanad-minutes-2004February19-p4.html,19/Feb/2004 Order of Business.,Order of Business agreed to.
2004,February,19,Ireland-seanad-minutes-2004February19-p5.html,19/Feb/2004 European Parliament Elections (Amendment) Bill 2003: Committee Stage.,Section 1 agreed to.
2004,February,19,Ireland-seanad-minutes-2004February19-p5.html,19/Feb/2004 European Parliament Elections (Amendment) Bill 2003: Committee Stage.,Section 2 agreed to.
2004,February,19,Ireland-seanad-minutes-2004February19-p5.html,19/Feb/2004 European Parliament Elections (Amendment) Bill 2003: Committee Stage.,Section 3 agreed to.
2004,February,19,Ireland-seanad-minutes-2004February19-p5.html,19/Feb/2004 European Parliament Elections (Amendment) Bill 2003: Committee Stage.,"Question, That the word proposed to be deleted stand, put and declared carried."
2004,February,19,Ireland-seanad-minutes-2004February19-p5.html,19/Feb/2004 European Parliament Elections (Amendment) Bill 2003: Committee Stage.,Amendment declared lost.
2004,February,19,Ireland-seanad-minutes-2004February19-p5.html,19/Feb/2004 European Parliament Elections (Amendment) Bill 2003: Committee Stage.,"Question, That the word proposed to be deleted stand, put and declared carried."
2004,February,19,Ireland-seanad-minutes-2004February19-p5.html,19/Feb/2004 European Parliament Elections (Amendment) Bill 2003: Committee Stage.,Amendment declared lost.
2004,February,19,Ireland-seanad-minutes-2004February19-p5.html,19/Feb/2004 European Parliament Elections (Amendment) Bill 2003: Committee Stage.,"Question, That the word proposed to be deleted stand, put and declared carried."
2004,February,19,Ireland-seanad-minutes-2004February19-p5.html,19/Feb/2004 European Parliament Elections (Amendment) Bill 2003: Committee Stage.,Amendment declared lost.
2004,February,19,Ireland-seanad-minutes-2004February19-p5.html,19/Feb/2004 European Parliament Elections (Amendment) Bill 2003: Committee Stage.,Section 4 agreed to.
2004,February,19,Ireland-seanad-minutes-2004February19-p5.html,19/Feb/2004 European Parliament Elections (Amendment) Bill 2003: Committee Stage.,Section 5 agreed to.
2004,February,19,Ireland-seanad-minutes-2004February19-p5.html,19/Feb/2004 European Parliament Elections (Amendment) Bill 2003: Committee Stage.,Amendment put and declared lost.
2004,February,19,Ireland-seanad-minutes-2004February19-p5.html,19/Feb/2004 European Parliament Elections (Amendment) Bill 2003: Committee Stage.,Section 6 agreed to.
2004,February,19,Ireland-seanad-minutes-2004February19-p5.html,19/Feb/2004 European Parliament Elections (Amendment) Bill 2003: Committee Stage.,Title agreed to.
2004,February,24,Ireland-seanad-minutes-2004February24-p10.html,24/Feb/2004 Public Service Superannuation (Miscellaneous Provisions) Bill 2004: Second Stage.,An Cathaoirleach:Is that agreed? Agreed.
2004,February,24,Ireland-seanad-minutes-2004February24-p10.html,24/Feb/2004 Public Service Superannuation (Miscellaneous Provisions) Bill 2004: Second Stage.,Question put and declared carried.
2004,February,24,Ireland-seanad-minutes-2004February24-p5.html,24/Feb/2004 Order of Business.,Order of Business agreed to.
2004,February,24,Ireland-seanad-minutes-2004February24-p6.html,24/Feb/2004 Proposals regarding Diseases of Animals Act 1966: Referral to Joint Committee.,Question put and agreed to.
2004,February,24,Ireland-seanad-minutes-2004February24-p7.html,24/Feb/2004 Civil Registration Bill 2003 [D&aacute;il]: Report and Final Stages.,Mr. B. Hayes:We are all agreed then.
2004,February,24,Ireland-seanad-minutes-2004February24-p7.html,24/Feb/2004 Civil Registration Bill 2003 [D&aacute;il]: Report and Final Stages.,[1011]Amendment declared lost.
2004,February,24,Ireland-seanad-minutes-2004February24-p7.html,24/Feb/2004 Civil Registration Bill 2003 [D&aacute;il]: Report and Final Stages.,"An Cathaoirleach:As amendment No. 13 has been carried, amendment No. 14 cannot be moved."
2004,February,24,Ireland-seanad-minutes-2004February24-p7.html,24/Feb/2004 Civil Registration Bill 2003 [D&aacute;il]: Report and Final Stages.,Amendment agreed to.
2004,February,24,Ireland-seanad-minutes-2004February24-p7.html,24/Feb/2004 Civil Registration Bill 2003 [D&aacute;il]: Report and Final Stages.,Amendment agreed to.
2004,February,24,Ireland-seanad-minutes-2004February24-p7.html,24/Feb/2004 Civil Registration Bill 2003 [D&aacute;il]: Report and Final Stages.,Question put and agreed to.
2004,February,24,Ireland-seanad-minutes-2004February24-p8.html,24/Feb/2004 Equality Bill 2004: Report and Final Stages.,Amendment agreed to.
2004,February,24,Ireland-seanad-minutes-2004February24-p8.html,24/Feb/2004 Equality Bill 2004: Report and Final Stages.,Amendment agreed to.
2004,February,24,Ireland-seanad-minutes-2004February24-p8.html,24/Feb/2004 Equality Bill 2004: Report and Final Stages.,Amendment agreed to.
2004,February,24,Ireland-seanad-minutes-2004February24-p8.html,24/Feb/2004 Equality Bill 2004: Report and Final Stages.,Acting Chairman:Is that agreed? Agreed.
2004,February,24,Ireland-seanad-minutes-2004February24-p8.html,24/Feb/2004 Equality Bill 2004: Report and Final Stages.,Amendment agreed to.
2004,February,24,Ireland-seanad-minutes-2004February24-p8.html,24/Feb/2004 Equality Bill 2004: Report and Final Stages.,Question put and agreed to.
2004,February,24,Ireland-seanad-minutes-2004February24-p9.html,24/Feb/2004 Public Service Superannuation (Miscellaneous Provisions) Bill 2004: Order for Second Stage.,Question put and agreed to.
2004,February,25,Ireland-seanad-minutes-2004February25-p10.html,25/Feb/2004 European Parliament Elections (Amendment) Bill 2003: Report and Final Stages.,Amendment put and declared lost.
2004,February,25,Ireland-seanad-minutes-2004February25-p10.html,25/Feb/2004 European Parliament Elections (Amendment) Bill 2003: Report and Final Stages.,"Question, That the words proposed to be deleted stand, put and declared carried."
2004,February,25,Ireland-seanad-minutes-2004February25-p10.html,25/Feb/2004 European Parliament Elections (Amendment) Bill 2003: Report and Final Stages.,Amendment declared lost.
2004,February,25,Ireland-seanad-minutes-2004February25-p10.html,25/Feb/2004 European Parliament Elections (Amendment) Bill 2003: Report and Final Stages.,Question put and agreed to.
2004,February,25,Ireland-seanad-minutes-2004February25-p11.html,25/Feb/2004 European Parliament Elections (Amendment) Bill 2003: Motion for Earlier Signature.,An Cathaoirleach:Is the motion agreed?
2004,February,25,Ireland-seanad-minutes-2004February25-p11.html,25/Feb/2004 European Parliament Elections (Amendment) Bill 2003: Motion for Earlier Signature.,Question put and agreed to.
2004,February,25,Ireland-seanad-minutes-2004February25-p4.html,25/Feb/2004 Order of Business.,Order of Business agreed to.
2004,February,25,Ireland-seanad-minutes-2004February25-p5.html,25/Feb/2004 Industrial Relations (Miscellaneous Provisions) Bill 2003: Second Stage.,Question put and agreed to.
2004,February,25,Ireland-seanad-minutes-2004February25-p6.html,25/Feb/2004 Competition Authority Report: Statements.,Acting Chairman (Mr. U. Burke):Is that agreed? Agreed.
2004,February,25,Ireland-seanad-minutes-2004February25-p6.html,25/Feb/2004 Competition Authority Report: Statements.,Acting Chairman:Is that agreed? Agreed.
2004,February,25,Ireland-seanad-minutes-2004February25-p7.html,25/Feb/2004 Dormant Accounts: Motion.,Acting Chairman (Mr. Cummins):Is that agreed? Agreed.
2004,February,25,Ireland-seanad-minutes-2004February25-p7.html,25/Feb/2004 Dormant Accounts: Motion.,Acting Chairman:Is the amendment agreed?
2004,February,25,Ireland-seanad-minutes-2004February25-p7.html,25/Feb/2004 Dormant Accounts: Motion.,"[1200]Question put: That the motion, as amended, be agreed to."
2004,February,25,Ireland-seanad-minutes-2004February25-p9.html,25/Feb/2004 Civil Registration Bill 2003: Motion for Earlier Signature.,An Cathaoirleach:I am putting the question that the motion be agreed to.
2004,February,26,Ireland-seanad-minutes-2004February26-p10.html,26/Feb/2004 Public Service Superannuation (Miscellaneous Provisions) Bill 2004: Committee Stage (Resumed).,Question put and agreed to.
2004,February,26,Ireland-seanad-minutes-2004February26-p10.html,26/Feb/2004 Public Service Superannuation (Miscellaneous Provisions) Bill 2004: Committee Stage (Resumed).,Question put and agreed to.
2004,February,26,Ireland-seanad-minutes-2004February26-p10.html,26/Feb/2004 Public Service Superannuation (Miscellaneous Provisions) Bill 2004: Committee Stage (Resumed).,Question put and agreed to.
2004,February,26,Ireland-seanad-minutes-2004February26-p10.html,26/Feb/2004 Public Service Superannuation (Miscellaneous Provisions) Bill 2004: Committee Stage (Resumed).,Question put and agreed to.
2004,February,26,Ireland-seanad-minutes-2004February26-p10.html,26/Feb/2004 Public Service Superannuation (Miscellaneous Provisions) Bill 2004: Committee Stage (Resumed).,Section 14 agreed to.
2004,February,26,Ireland-seanad-minutes-2004February26-p10.html,26/Feb/2004 Public Service Superannuation (Miscellaneous Provisions) Bill 2004: Committee Stage (Resumed).,Question put and agreed to.
2004,February,26,Ireland-seanad-minutes-2004February26-p10.html,26/Feb/2004 Public Service Superannuation (Miscellaneous Provisions) Bill 2004: Committee Stage (Resumed).,Section 16 agreed to.
2004,February,26,Ireland-seanad-minutes-2004February26-p10.html,26/Feb/2004 Public Service Superannuation (Miscellaneous Provisions) Bill 2004: Committee Stage (Resumed).,Schedule 1 agreed to.
2004,February,26,Ireland-seanad-minutes-2004February26-p10.html,26/Feb/2004 Public Service Superannuation (Miscellaneous Provisions) Bill 2004: Committee Stage (Resumed).,Amendment agreed to.
2004,February,26,Ireland-seanad-minutes-2004February26-p10.html,26/Feb/2004 Public Service Superannuation (Miscellaneous Provisions) Bill 2004: Committee Stage (Resumed).,Amendment agreed to.
2004,February,26,Ireland-seanad-minutes-2004February26-p10.html,26/Feb/2004 Public Service Superannuation (Miscellaneous Provisions) Bill 2004: Committee Stage (Resumed).,"Schedule 2, as amended, agreed to."
2004,February,26,Ireland-seanad-minutes-2004February26-p10.html,26/Feb/2004 Public Service Superannuation (Miscellaneous Provisions) Bill 2004: Committee Stage (Resumed).,Title agreed to.
2004,February,26,Ireland-seanad-minutes-2004February26-p11.html,26/Feb/2004 Public Service Superannuation (Miscellaneous Provisions) Bill 2004: Report and Final Stages.,Acting Chairman:Is it agreed that I can make those typographical corrections to the Bill? Agreed.
2004,February,26,Ireland-seanad-minutes-2004February26-p11.html,26/Feb/2004 Public Service Superannuation (Miscellaneous Provisions) Bill 2004: Report and Final Stages.,Question put and declared carried.
2004,February,26,Ireland-seanad-minutes-2004February26-p5.html,26/Feb/2004 Order of Business.,Order of Business agreed to.
2004,February,26,Ireland-seanad-minutes-2004February26-p6.html,26/Feb/2004 Public Service Superannuation (Miscellaneous Provisions) Bill 2004: Committee Stage.,Amendment agreed to.
2004,February,26,Ireland-seanad-minutes-2004February26-p6.html,26/Feb/2004 Public Service Superannuation (Miscellaneous Provisions) Bill 2004: Committee Stage.,Amendment agreed to.
2004,February,26,Ireland-seanad-minutes-2004February26-p6.html,26/Feb/2004 Public Service Superannuation (Miscellaneous Provisions) Bill 2004: Committee Stage.,Amendment agreed to.
2004,February,26,Ireland-seanad-minutes-2004February26-p6.html,26/Feb/2004 Public Service Superannuation (Miscellaneous Provisions) Bill 2004: Committee Stage.,Question put and agreed to.
2004,February,26,Ireland-seanad-minutes-2004February26-p6.html,26/Feb/2004 Public Service Superannuation (Miscellaneous Provisions) Bill 2004: Committee Stage.,"Question, That the words proposed to be deleted stand, put and declared carried."
2004,February,26,Ireland-seanad-minutes-2004February26-p6.html,26/Feb/2004 Public Service Superannuation (Miscellaneous Provisions) Bill 2004: Committee Stage.,Amendment declared lost.
2004,February,26,Ireland-seanad-minutes-2004February26-p6.html,26/Feb/2004 Public Service Superannuation (Miscellaneous Provisions) Bill 2004: Committee Stage.,[1253]Amendment declared lost.
2004,February,26,Ireland-seanad-minutes-2004February26-p8.html,26/Feb/2004 Public Service Superannuation (Miscellaneous Provisions) Bill 2004: Committee Stage (Resumed).,Question put and agreed to.
2004,February,26,Ireland-seanad-minutes-2004February26-p8.html,26/Feb/2004 Public Service Superannuation (Miscellaneous Provisions) Bill 2004: Committee Stage (Resumed).,Question put and agreed to.
2004,February,26,Ireland-seanad-minutes-2004February26-p8.html,26/Feb/2004 Public Service Superannuation (Miscellaneous Provisions) Bill 2004: Committee Stage (Resumed).,[1271]Question put and agreed to.
2004,February,26,Ireland-seanad-minutes-2004February26-p8.html,26/Feb/2004 Public Service Superannuation (Miscellaneous Provisions) Bill 2004: Committee Stage (Resumed).,Amendment agreed to.
2004,February,26,Ireland-seanad-minutes-2004February26-p8.html,26/Feb/2004 Public Service Superannuation (Miscellaneous Provisions) Bill 2004: Committee Stage (Resumed).,Amendment agreed to.
2004,February,26,Ireland-seanad-minutes-2004February26-p8.html,26/Feb/2004 Public Service Superannuation (Miscellaneous Provisions) Bill 2004: Committee Stage (Resumed).,"Section 5, as amended, agreed to."
2004,February,26,Ireland-seanad-minutes-2004February26-p8.html,26/Feb/2004 Public Service Superannuation (Miscellaneous Provisions) Bill 2004: Committee Stage (Resumed).,Question put and agreed to.
2004,February,26,Ireland-seanad-minutes-2004February26-p8.html,26/Feb/2004 Public Service Superannuation (Miscellaneous Provisions) Bill 2004: Committee Stage (Resumed).,Section 7 agreed to.
2004,February,26,Ireland-seanad-minutes-2004February26-p8.html,26/Feb/2004 Public Service Superannuation (Miscellaneous Provisions) Bill 2004: Committee Stage (Resumed).,Question put and agreed to.
2004,February,26,Ireland-seanad-minutes-2004February26-p8.html,26/Feb/2004 Public Service Superannuation (Miscellaneous Provisions) Bill 2004: Committee Stage (Resumed).,Section 9 agreed to.
2004,February,26,Ireland-seanad-minutes-2004February26-p8.html,26/Feb/2004 Public Service Superannuation (Miscellaneous Provisions) Bill 2004: Committee Stage (Resumed).,Acting Chairman (Dr. Henry):Is that agreed? Agreed.
2004,February,26,Ireland-seanad-minutes-2004February26-p8.html,26/Feb/2004 Public Service Superannuation (Miscellaneous Provisions) Bill 2004: Committee Stage (Resumed).,[1285]Amendment declared lost.
2004,February,26,Ireland-seanad-minutes-2004February26-p8.html,26/Feb/2004 Public Service Superannuation (Miscellaneous Provisions) Bill 2004: Committee Stage (Resumed).,[1285]Amendment declared lost.
2004,February,26,Ireland-seanad-minutes-2004February26-p9.html,26/Feb/2004 Business of Seanad.,An Cathaoirleach:Is that agreed? Agreed.
