Year,Month,Day,Subject,Non-RCV Result
2012,December,04,04/Dec/2012 Order of Business (Continued),Order of Business agreed to.
2012,December,04,04/Dec/2012 Credit Union Bill 2012: Second Stage (Continued),Question put and agreed to.
2012,December,04,04/Dec/2012 Personal Insolvency Bill 2012: Committee Stage (Resumed),Amendment agreed to.
2012,December,04,04/Dec/2012 Personal Insolvency Bill 2012: Committee Stage (Resumed) (Continued),Amendment put and declared lost.
2012,December,04,04/Dec/2012 Personal Insolvency Bill 2012: Committee Stage (Resumed) (Continued),Amendment agreed to.
2012,December,04,04/Dec/2012 Personal Insolvency Bill 2012: Committee Stage (Resumed) (Continued),"Section 25, as amended, agreed to."
2012,December,04,04/Dec/2012 Personal Insolvency Bill 2012: Committee Stage (Resumed) (Continued),Amendment agreed to.
2012,December,04,04/Dec/2012 Personal Insolvency Bill 2012: Committee Stage (Resumed) (Continued),Amendment agreed to.
2012,December,04,04/Dec/2012 Personal Insolvency Bill 2012: Committee Stage (Resumed) (Continued),Amendment agreed to.
2012,December,04,04/Dec/2012 Personal Insolvency Bill 2012: Committee Stage (Resumed) (Continued),"Section 26, as amended, agreed to."
2012,December,04,04/Dec/2012 Personal Insolvency Bill 2012: Committee Stage (Resumed) (Continued),Section 27 agreed to.
2012,December,04,04/Dec/2012 Personal Insolvency Bill 2012: Committee Stage (Resumed) (Continued),Amendment agreed to.
2012,December,04,04/Dec/2012 Personal Insolvency Bill 2012: Committee Stage (Resumed) (Continued),"Section 28, as amended, agreed to."
2012,December,04,04/Dec/2012 Personal Insolvency Bill 2012: Committee Stage (Resumed) (Continued),Section 29 agreed to.
2012,December,04,04/Dec/2012 Personal Insolvency Bill 2012: Committee Stage (Resumed) (Continued),Amendment agreed to.
2012,December,04,04/Dec/2012 Personal Insolvency Bill 2012: Committee Stage (Resumed) (Continued),"Section 30, as amended, agreed to."
2012,December,04,04/Dec/2012 Personal Insolvency Bill 2012: Committee Stage (Resumed) (Continued),Sections 31 and 32 agreed to.
2012,December,04,04/Dec/2012 Personal Insolvency Bill 2012: Committee Stage (Resumed) (Continued),Amendment agreed to.
2012,December,04,04/Dec/2012 Personal Insolvency Bill 2012: Committee Stage (Resumed) (Continued),"Section 33, as amended, agreed to."
2012,December,04,04/Dec/2012 Personal Insolvency Bill 2012: Committee Stage (Resumed) (Continued),Amendment agreed to.
2012,December,04,04/Dec/2012 Personal Insolvency Bill 2012: Committee Stage (Resumed) (Continued),"Section 34, as amended, agreed to."
2012,December,04,04/Dec/2012 Personal Insolvency Bill 2012: Committee Stage (Resumed) (Continued),Amendment agreed to.
2012,December,04,04/Dec/2012 Personal Insolvency Bill 2012: Committee Stage (Resumed) (Continued),"Sections 36 to 40, inclusive, agreed to."
2012,December,04,04/Dec/2012 Personal Insolvency Bill 2012: Committee Stage (Resumed) (Continued),Amendment agreed to.
2012,December,04,04/Dec/2012 Personal Insolvency Bill 2012: Committee Stage (Resumed) (Continued),"Section 41, as amended, agreed to."
2012,December,04,04/Dec/2012 Personal Insolvency Bill 2012: Committee Stage (Resumed) (Continued),Sections 42 and 43 agreed to.
2012,December,04,04/Dec/2012 Personal Insolvency Bill 2012: Committee Stage (Resumed) (Continued),Section 44 agreed to.
2012,December,04,04/Dec/2012 Personal Insolvency Bill 2012: Committee Stage (Resumed) (Continued),Section 45 agreed to.
2012,December,04,04/Dec/2012 Personal Insolvency Bill 2012: Committee Stage (Resumed) (Continued),Amendment agreed to.
2012,December,04,04/Dec/2012 Personal Insolvency Bill 2012: Committee Stage (Resumed) (Continued),Amendment agreed to.
2012,December,04,04/Dec/2012 Personal Insolvency Bill 2012: Committee Stage (Resumed) (Continued),"Section 46, as amended, agreed to."
2012,December,04,04/Dec/2012 Personal Insolvency Bill 2012: Committee Stage (Resumed) (Continued),Section 47 agreed to.
2012,December,04,04/Dec/2012 Personal Insolvency Bill 2012: Committee Stage (Resumed) (Continued),Section 48 agreed to.
2012,December,04,04/Dec/2012 Personal Insolvency Bill 2012: Committee Stage (Resumed) (Continued),"Sections 49 to 52, inclusive, agreed to."
2012,December,04,04/Dec/2012 Personal Insolvency Bill 2012: Committee Stage (Resumed) (Continued),Amendment put and declared lost.
2012,December,04,04/Dec/2012 Personal Insolvency Bill 2012: Committee Stage (Resumed) (Continued),"Question, ""That section 53 stand part of the Bill,"" put and declared carried."
2012,December,04,04/Dec/2012 Personal Insolvency Bill 2012: Committee Stage (Resumed) (Continued),Acting Chairman (Senator Paul Coghlan):  Amendment agreed to.
2012,December,04,04/Dec/2012 Personal Insolvency Bill 2012: Committee Stage (Resumed) (Continued),Acting Chairman (Senator Paul Coghlan):  Amendment agreed to.
2012,December,04,04/Dec/2012 Personal Insolvency Bill 2012: Committee Stage (Resumed) (Continued),"Section 54, as amended, agreed to."
2012,December,04,04/Dec/2012 Personal Insolvency Bill 2012: Committee Stage (Resumed) (Continued),Section 55 agreed to.
2012,December,04,04/Dec/2012 Personal Insolvency Bill 2012: Committee Stage (Resumed) (Continued),Amendment agreed to.
2012,December,04,04/Dec/2012 Personal Insolvency Bill 2012: Committee Stage (Resumed) (Continued),Section 57 agreed to.
2012,December,04,04/Dec/2012 Personal Insolvency Bill 2012: Committee Stage (Resumed) (Continued),  Section 58 agreed to.  SECTION 59
2012,December,04,04/Dec/2012 Personal Insolvency Bill 2012: Committee Stage (Resumed) (Continued),Amendment agreed to.
2012,December,04,04/Dec/2012 Personal Insolvency Bill 2012: Committee Stage (Resumed) (Continued),  Amendment agreed to.
2012,December,04,04/Dec/2012 Personal Insolvency Bill 2012: Committee Stage (Resumed) (Continued),"Section 59, as amended, agreed to."
2012,December,04,04/Dec/2012 Personal Insolvency Bill 2012: Committee Stage (Resumed) (Continued),Acting Chairman (Senator Paul Coghlan):  Amendment agreed to.
2012,December,04,04/Dec/2012 Personal Insolvency Bill 2012: Committee Stage (Resumed) (Continued),Acting Chairman (Senator Paul Coghlan):  Amendment agreed to.
2012,December,04,04/Dec/2012 Personal Insolvency Bill 2012: Committee Stage (Resumed) (Continued),Amendment agreed to.
2012,December,04,04/Dec/2012 Personal Insolvency Bill 2012: Committee Stage (Resumed) (Continued),"Section 60, as amended, agreed to."
2012,December,04,04/Dec/2012 Personal Insolvency Bill 2012: Committee Stage (Resumed) (Continued),Amendment agreed to.
2012,December,04,04/Dec/2012 Personal Insolvency Bill 2012: Committee Stage (Resumed) (Continued),Amendment agreed to.
2012,December,04,04/Dec/2012 Personal Insolvency Bill 2012: Committee Stage (Resumed) (Continued),Question put and declared carried.
2012,December,04,04/Dec/2012 Personal Insolvency Bill 2012: Committee Stage (Resumed) (Continued),Amendment agreed to.
2012,December,04,04/Dec/2012 Personal Insolvency Bill 2012: Committee Stage (Resumed) (Continued),Amendment agreed to.
2012,December,04,04/Dec/2012 Personal Insolvency Bill 2012: Committee Stage (Resumed) (Continued),"Section 62, as amended, agreed to."
2012,December,04,04/Dec/2012 Personal Insolvency Bill 2012: Committee Stage (Resumed) (Continued),Amendment agreed to.
2012,December,04,04/Dec/2012 Personal Insolvency Bill 2012: Committee Stage (Resumed) (Continued),"Section 63, as amended, agreed to."
2012,December,04,04/Dec/2012 Personal Insolvency Bill 2012: Committee Stage (Resumed) (Continued),Section 64 agreed to.
2012,December,04,04/Dec/2012 Personal Insolvency Bill 2012: Committee Stage (Resumed) (Continued),Amendment agreed to.
2012,December,04,04/Dec/2012 Personal Insolvency Bill 2012: Committee Stage (Resumed) (Continued),"Section 65, as amended, agreed to."
2012,December,04,04/Dec/2012 Personal Insolvency Bill 2012: Committee Stage (Resumed) (Continued),Amendment agreed to.
2012,December,04,04/Dec/2012 Personal Insolvency Bill 2012: Committee Stage (Resumed) (Continued),Amendment agreed to.
2012,December,04,04/Dec/2012 Personal Insolvency Bill 2012: Committee Stage (Resumed) (Continued),Amendment agreed to.
2012,December,04,04/Dec/2012 Personal Insolvency Bill 2012: Committee Stage (Resumed) (Continued),"Section 66, as amended, agreed to."
2012,December,04,04/Dec/2012 Personal Insolvency Bill 2012: Committee Stage (Resumed) (Continued),Amendment agreed to.
2012,December,04,04/Dec/2012 Personal Insolvency Bill 2012: Committee Stage (Resumed) (Continued),"Section 67, as amended, agreed to."
2012,December,04,04/Dec/2012 Personal Insolvency Bill 2012: Committee Stage (Resumed) (Continued),Amendment agreed to.
2012,December,04,04/Dec/2012 Personal Insolvency Bill 2012: Committee Stage (Resumed) (Continued),"Section 68, as amended, agreed to."
2012,December,04,04/Dec/2012 Personal Insolvency Bill 2012: Committee Stage (Resumed) (Continued),"Sections 69 to 76, inclusive, agreed to."
2012,December,04,04/Dec/2012 Personal Insolvency Bill 2012: Committee Stage (Resumed) (Continued),Amendment agreed to.
2012,December,04,04/Dec/2012 Personal Insolvency Bill 2012: Committee Stage (Resumed) (Continued),"Section 77, as amended, agreed to."
2012,December,04,04/Dec/2012 Personal Insolvency Bill 2012: Committee Stage (Resumed) (Continued),Amendment agreed to.
2012,December,04,04/Dec/2012 Personal Insolvency Bill 2012: Committee Stage (Resumed) (Continued),"Section 78, as amended, agreed to."
2012,December,04,04/Dec/2012 Personal Insolvency Bill 2012: Committee Stage (Resumed) (Continued),Section 79 agreed to.
2012,December,04,04/Dec/2012 Personal Insolvency Bill 2012: Committee Stage (Resumed) (Continued),Section 80 agreed to.
2012,December,04,04/Dec/2012 Personal Insolvency Bill 2012: Committee Stage (Resumed) (Continued),"Sections 81 to 83, inclusive, agreed to."
2012,December,04,04/Dec/2012 Personal Insolvency Bill 2012: Committee Stage (Resumed) (Continued),Amendment agreed to.
2012,December,04,04/Dec/2012 Personal Insolvency Bill 2012: Committee Stage (Resumed) (Continued),"Section 84, as amended, agreed to."
2012,December,04,04/Dec/2012 Personal Insolvency Bill 2012: Committee Stage (Resumed) (Continued),Section 85 agreed to.
2012,December,04,04/Dec/2012 Personal Insolvency Bill 2012: Committee Stage (Resumed) (Continued),Sections 86 and 87 agreed to.
2012,December,04,04/Dec/2012 Personal Insolvency Bill 2012: Committee Stage (Resumed) (Continued),Section 88 agreed to.
2012,December,04,04/Dec/2012 Personal Insolvency Bill 2012: Committee Stage (Resumed) (Continued),  Amendment agreed to.SECTION 89
2012,December,04,04/Dec/2012 Personal Insolvency Bill 2012: Committee Stage (Resumed) (Continued),Amendment agreed to.
2012,December,04,04/Dec/2012 Personal Insolvency Bill 2012: Committee Stage (Resumed) (Continued),"Section 89, as amended, agreed to."
2012,December,04,04/Dec/2012 Personal Insolvency Bill 2012: Committee Stage (Resumed) (Continued),Section 90 agreed to.
2012,December,04,04/Dec/2012 Personal Insolvency Bill 2012: Committee Stage (Resumed) (Continued),Amendment agreed to.
2012,December,04,04/Dec/2012 Personal Insolvency Bill 2012: Committee Stage (Resumed) (Continued),Sections 92 to 94 agreed to.
2012,December,04,04/Dec/2012 Personal Insolvency Bill 2012: Committee Stage (Resumed) (Continued),Amendment agreed to.
2012,December,04,04/Dec/2012 Personal Insolvency Bill 2012: Committee Stage (Resumed) (Continued),Amendment agreed to.
2012,December,04,04/Dec/2012 Personal Insolvency Bill 2012: Committee Stage (Resumed) (Continued),"Section 95, as amended, agreed to."
2012,December,04,04/Dec/2012 Personal Insolvency Bill 2012: Committee Stage (Resumed) (Continued),Amendment agreed to.
2012,December,04,04/Dec/2012 Personal Insolvency Bill 2012: Committee Stage (Resumed) (Continued),Amendment agreed to.
2012,December,04,04/Dec/2012 Personal Insolvency Bill 2012: Committee Stage (Resumed) (Continued),"Section 96, as amended, agreed to."
2012,December,04,04/Dec/2012 Personal Insolvency Bill 2012: Committee Stage (Resumed) (Continued),Amendment agreed to.
2012,December,04,04/Dec/2012 Personal Insolvency Bill 2012: Committee Stage (Resumed) (Continued),Amendment agreed to.
2012,December,04,04/Dec/2012 Personal Insolvency Bill 2012: Committee Stage (Resumed) (Continued),"Section 97, as amended, agreed to."
2012,December,04,04/Dec/2012 Personal Insolvency Bill 2012: Committee Stage (Resumed) (Continued),Section 98 agreed to.
2012,December,04,04/Dec/2012 Personal Insolvency Bill 2012: Committee Stage (Resumed) (Continued),"Sections 99 to 101, inclusive, agreed to."
2012,December,04,04/Dec/2012 Personal Insolvency Bill 2012: Committee Stage (Resumed) (Continued),Amendment agreed to.
2012,December,04,04/Dec/2012 Personal Insolvency Bill 2012: Committee Stage (Resumed) (Continued),"Section 102, as amended, agreed to."
2012,December,04,04/Dec/2012 Personal Insolvency Bill 2012: Committee Stage (Resumed) (Continued),Amendment agreed to.
2012,December,04,04/Dec/2012 Personal Insolvency Bill 2012: Committee Stage (Resumed) (Continued),Amendment agreed to.
2012,December,04,04/Dec/2012 Personal Insolvency Bill 2012: Committee Stage (Resumed) (Continued),"Section 103, as amended, agreed to."
2012,December,04,04/Dec/2012 Personal Insolvency Bill 2012: Committee Stage (Resumed) (Continued),Amendment agreed to.
2012,December,04,04/Dec/2012 Personal Insolvency Bill 2012: Committee Stage (Resumed) (Continued),"Section 104, as amended, agreed to."
2012,December,04,04/Dec/2012 Personal Insolvency Bill 2012: Committee Stage (Resumed) (Continued),Amendment agreed to.
2012,December,04,04/Dec/2012 Personal Insolvency Bill 2012: Committee Stage (Resumed) (Continued),Amendment agreed to.
2012,December,04,04/Dec/2012 Personal Insolvency Bill 2012: Committee Stage (Resumed) (Continued),"Section 105, as amended, agreed to."
2012,December,04,04/Dec/2012 Personal Insolvency Bill 2012: Committee Stage (Resumed) (Continued),"Question, ""That the figure and words proposed to be deleted stand,"" put and declared carried."
2012,December,04,04/Dec/2012 Personal Insolvency Bill 2012: Committee Stage (Resumed) (Continued),Amendment declared lost.
2012,December,04,04/Dec/2012 Personal Insolvency Bill 2012: Committee Stage (Resumed) (Continued),"Question, ""That the figure and words proposed to be deleted stand,"" put and declared carried."
2012,December,04,04/Dec/2012 Personal Insolvency Bill 2012: Committee Stage (Resumed) (Continued),Amendment declared lost.
2012,December,04,04/Dec/2012 Personal Insolvency Bill 2012: Committee Stage (Resumed) (Continued),"Question, ""That the words proposed to be deleted stand,"" put and declared carried."
2012,December,04,04/Dec/2012 Personal Insolvency Bill 2012: Committee Stage (Resumed) (Continued),Amendment declared lost.
2012,December,04,04/Dec/2012 Personal Insolvency Bill 2012: Committee Stage (Resumed) (Continued),Question put and agreed to.
2012,December,04,04/Dec/2012 Personal Insolvency Bill 2012: Committee Stage (Resumed) (Continued),"Sections 107 to 114, inclusive, agreed to."
2012,December,04,04/Dec/2012 Personal Insolvency Bill 2012: Committee Stage (Resumed) (Continued),Amendment agreed to.
2012,December,04,04/Dec/2012 Personal Insolvency Bill 2012: Committee Stage (Resumed) (Continued),"Question, ""That the figure and words proposed to be deleted stand,"" put and declared carried."
2012,December,04,04/Dec/2012 Personal Insolvency Bill 2012: Committee Stage (Resumed) (Continued),Amendment declared lost.
2012,December,04,04/Dec/2012 Personal Insolvency Bill 2012: Committee Stage (Resumed) (Continued),"Question, ""That the figure and words proposed to be deleted stand,"" put and declared carried."
2012,December,04,04/Dec/2012 Personal Insolvency Bill 2012: Committee Stage (Resumed) (Continued),Amendment declared lost.
2012,December,04,04/Dec/2012 Personal Insolvency Bill 2012: Committee Stage (Resumed) (Continued),"Question, ""That the figure and words proposed to be deleted stand,"" put and declared carried."
2012,December,04,04/Dec/2012 Personal Insolvency Bill 2012: Committee Stage (Resumed) (Continued),Amendment declared lost.
2012,December,04,04/Dec/2012 Personal Insolvency Bill 2012: Committee Stage (Resumed) (Continued),"Section 115, as amended, agreed to."
2012,December,04,04/Dec/2012 Personal Insolvency Bill 2012: Committee Stage (Resumed) (Continued),Amendment agreed to.
2012,December,04,04/Dec/2012 Personal Insolvency Bill 2012: Committee Stage (Resumed) (Continued),"Section 116, as amended, agreed to."
2012,December,04,04/Dec/2012 Personal Insolvency Bill 2012: Committee Stage (Resumed) (Continued),Section 117 agreed to.
2012,December,04,04/Dec/2012 Personal Insolvency Bill 2012: Committee Stage (Resumed) (Continued),"Question, ""That the figure and words proposed to be deleted stand,"" put and declared carried."
2012,December,04,04/Dec/2012 Personal Insolvency Bill 2012: Committee Stage (Resumed) (Continued),Amendment declared lost.
2012,December,04,04/Dec/2012 Personal Insolvency Bill 2012: Committee Stage (Resumed) (Continued),Section 118 agreed to.
2012,December,04,04/Dec/2012 Personal Insolvency Bill 2012: Committee Stage (Resumed) (Continued),"Sections 119 to 124, inclusive, agreed to."
2012,December,04,04/Dec/2012 Personal Insolvency Bill 2012: Committee Stage (Resumed) (Continued),Section 125 agreed to.
2012,December,04,04/Dec/2012 Personal Insolvency Bill 2012: Committee Stage (Resumed) (Continued),"Sections 126 to 129, inclusive, agreed to."
2012,December,04,04/Dec/2012 Personal Insolvency Bill 2012: Committee Stage (Resumed) (Continued),Amendment agreed to.
2012,December,04,04/Dec/2012 Personal Insolvency Bill 2012: Committee Stage (Resumed) (Continued),"Section 130, as amended, agreed to."
2012,December,04,04/Dec/2012 Personal Insolvency Bill 2012: Committee Stage (Resumed) (Continued),"Sections 131 to 133, inclusive, agreed to."
2012,December,04,04/Dec/2012 Personal Insolvency Bill 2012: Committee Stage (Resumed) (Continued),Amendment agreed to.
2012,December,04,04/Dec/2012 Personal Insolvency Bill 2012: Committee Stage (Resumed) (Continued),"Sections 134 to 145, inclusive, agreed to"
2012,December,04,04/Dec/2012 Electoral Divisions Establishment (Continued),Acting Chairman (Senator Michael Mullins):Is that agreed?  Agreed.
2012,December,05,05/Dec/2012 Statute of Limitations (Amendment) (Home Remediation-Pyrite) Bill 2012: Second Stage (Continued),An Cathaoirleach:Is it agreed to adjourn the debate?  Agreed.
2012,December,05,05/Dec/2012 Budget 2013: Statements (Continued),Senator John Gilroy:What about the one Fianna Fil agreed to?
2012,December,05,05/Dec/2012 Budget 2013: Statements (Continued),Acting Chairman (Senator Pat O'Neill):Is that agreed?  Agreed.
2012,December,05,05/Dec/2012 Budget 2013: Statements (Continued),Acting Chairman (Senator Pat O'Neill):Is that agreed?  Agreed.
2012,December,05,05/Dec/2012 Budget 2013: Statements (Continued),Acting Chairman (Senator Catherine Noone):Is that agreed?  Agreed.
2012,December,05,05/Dec/2012 Budget 2013: Statements (Continued),Section 146 agreed to.
2012,December,05,05/Dec/2012 Budget 2013: Statements (Continued),Amendment agreed to.
2012,December,05,05/Dec/2012 Budget 2013: Statements (Continued),Amendment agreed to.
2012,December,05,05/Dec/2012 Budget 2013: Statements (Continued),Amendment agreed to.
2012,December,05,05/Dec/2012 Budget 2013: Statements (Continued),Amendment agreed to.
2012,December,05,05/Dec/2012 Personal Insolvency Bill 2012: Committee Stage (Resumed) (Continued),Amendment agreed to.
2012,December,05,05/Dec/2012 Personal Insolvency Bill 2012: Committee Stage (Resumed) (Continued),Amendment agreed to.
2012,December,05,05/Dec/2012 Personal Insolvency Bill 2012: Committee Stage (Resumed) (Continued),Amendment agreed to.
2012,December,05,05/Dec/2012 Personal Insolvency Bill 2012: Committee Stage (Resumed) (Continued),Amendment agreed to.
2012,December,05,05/Dec/2012 Personal Insolvency Bill 2012: Committee Stage (Resumed) (Continued),Amendment agreed to.
2012,December,05,05/Dec/2012 Personal Insolvency Bill 2012: Committee Stage (Resumed) (Continued),Amendment agreed to.
2012,December,05,05/Dec/2012 Personal Insolvency Bill 2012: Committee Stage (Resumed) (Continued),Amendment agreed to.
2012,December,05,05/Dec/2012 Personal Insolvency Bill 2012: Committee Stage (Resumed) (Continued),Amendment agreed to.
2012,December,05,05/Dec/2012 Personal Insolvency Bill 2012: Committee Stage (Resumed) (Continued),Amendment agreed to.
2012,December,05,05/Dec/2012 Personal Insolvency Bill 2012: Committee Stage (Resumed) (Continued),Amendment agreed to.
2012,December,05,05/Dec/2012 Personal Insolvency Bill 2012: Committee Stage (Resumed) (Continued),Amendment agreed to.
2012,December,05,05/Dec/2012 Personal Insolvency Bill 2012: Committee Stage (Resumed) (Continued),Amendment agreed to.
2012,December,05,05/Dec/2012 Personal Insolvency Bill 2012: Committee Stage (Resumed) (Continued),Amendment agreed to.
2012,December,05,05/Dec/2012 Personal Insolvency Bill 2012: Committee Stage (Resumed) (Continued),Amendment agreed to.
2012,December,05,05/Dec/2012 Personal Insolvency Bill 2012: Committee Stage (Resumed) (Continued),Amendment agreed to.
2012,December,05,05/Dec/2012 Personal Insolvency Bill 2012: Committee Stage (Resumed) (Continued),Amendment agreed to.
2012,December,05,05/Dec/2012 Personal Insolvency Bill 2012: Committee Stage (Resumed) (Continued),Amendment agreed to.
2012,December,05,05/Dec/2012 Personal Insolvency Bill 2012: Committee Stage (Resumed) (Continued),Amendment agreed to.
2012,December,05,05/Dec/2012 Personal Insolvency Bill 2012: Committee Stage (Resumed) (Continued),Amendment agreed to.
2012,December,05,05/Dec/2012 Personal Insolvency Bill 2012: Committee Stage (Resumed) (Continued),Amendment agreed to.
2012,December,05,05/Dec/2012 Personal Insolvency Bill 2012: Committee Stage (Resumed) (Continued),Amendment agreed to.
2012,December,05,05/Dec/2012 Personal Insolvency Bill 2012: Committee Stage (Resumed) (Continued),Amendment agreed to.
2012,December,05,05/Dec/2012 Personal Insolvency Bill 2012: Committee Stage (Resumed) (Continued),Amendment agreed to.
2012,December,05,05/Dec/2012 Personal Insolvency Bill 2012: Committee Stage (Resumed) (Continued),Amendment agreed to.
2012,December,05,05/Dec/2012 Personal Insolvency Bill 2012: Committee Stage (Resumed) (Continued),Amendment agreed to.
2012,December,05,05/Dec/2012 Personal Insolvency Bill 2012: Committee Stage (Resumed) (Continued),Amendment agreed to.
2012,December,05,05/Dec/2012 Personal Insolvency Bill 2012: Committee Stage (Resumed) (Continued),Amendment agreed to.
2012,December,05,05/Dec/2012 Personal Insolvency Bill 2012: Committee Stage (Resumed) (Continued),Amendment agreed to.
2012,December,05,05/Dec/2012 Personal Insolvency Bill 2012: Committee Stage (Resumed) (Continued),Amendment agreed to.
2012,December,05,05/Dec/2012 Personal Insolvency Bill 2012: Committee Stage (Resumed) (Continued),Amendment agreed to.
2012,December,05,05/Dec/2012 Personal Insolvency Bill 2012: Committee Stage (Resumed) (Continued),Amendment agreed to.
2012,December,05,05/Dec/2012 Personal Insolvency Bill 2012: Committee Stage (Resumed) (Continued),Amendment agreed to.
2012,December,05,05/Dec/2012 Personal Insolvency Bill 2012: Committee Stage (Resumed) (Continued),Amendment agreed to.
2012,December,05,05/Dec/2012 Personal Insolvency Bill 2012: Committee Stage (Resumed) (Continued),Amendment agreed to.
2012,December,05,05/Dec/2012 Personal Insolvency Bill 2012: Committee Stage (Resumed) (Continued),Amendment agreed to.
2012,December,05,05/Dec/2012 Personal Insolvency Bill 2012: Committee Stage (Resumed) (Continued),Amendment agreed to.
2012,December,05,05/Dec/2012 Personal Insolvency Bill 2012: Committee Stage (Resumed) (Continued),Amendment agreed to.
2012,December,05,05/Dec/2012 Personal Insolvency Bill 2012: Committee Stage (Resumed) (Continued),Schedule 1 agreed to.
2012,December,05,05/Dec/2012 Personal Insolvency Bill 2012: Committee Stage (Resumed) (Continued),Amendment agreed to.
2012,December,05,05/Dec/2012 Personal Insolvency Bill 2012: Committee Stage (Resumed) (Continued),Amendment agreed to.
2012,December,05,05/Dec/2012 Personal Insolvency Bill 2012: Committee Stage (Resumed) (Continued),Amendment agreed to.
2012,December,05,05/Dec/2012 Personal Insolvency Bill 2012: Committee Stage (Resumed) (Continued),Question put and agreed to.
2012,December,05,05/Dec/2012 Order of Business (Continued),Senator John Gilroy:Is that the property tax agreed by Fianna Fil?
2012,December,05,05/Dec/2012 Order of Business (Continued),"Question, ""That the Order of Business be agreed to,"" put and declared carried."
2012,December,05,05/Dec/2012 Order of Business (Continued),Question put and agreed to.
2012,December,06,06/Dec/2012 Order of Business (Continued),"Question put: ""That the Order of Business be agreed to."""
2012,December,06,06/Dec/2012 Civil Registration (Amendment) Bill 2012: Order for Second Stage,Question put and agreed to.
2012,December,06,06/Dec/2012 Civil Registration (Amendment) Bill 2012: Second and Subsequent Stages (Continued),Question put and agreed to.
2012,December,11,11/Dec/2012 Order of Business (Continued),Order of Business agreed to.
2012,December,11,11/Dec/2012 Horse and Greyhound Racing Fund Regulations 2012: Referral to Joint Committee,Question put and agreed to.
2012,December,11,11/Dec/2012 90th Anniversary of Seanad Ã‰ireann: Statements (Continued),An Cathaoirleach:Is that agreed?  Agreed.
2012,December,11,11/Dec/2012 Health and Social Care Professionals (Amendment) Bill 2012: Second Stage (Continued),Question put and agreed to.
2012,December,11,11/Dec/2012 Credit Union Bill 2012: Committee Stage (Continued),Amendment agreed to.
2012,December,11,11/Dec/2012 Credit Union Bill 2012: Committee Stage (Continued),Amendment agreed to.
2012,December,11,11/Dec/2012 Credit Union Bill 2012: Committee Stage (Continued),Amendment agreed to.
2012,December,11,11/Dec/2012 Credit Union Bill 2012: Committee Stage (Continued),"Section 1, as amended, agreed to."
2012,December,11,11/Dec/2012 Credit Union Bill 2012: Committee Stage (Continued),Sections 2 and 3 agreed to.
2012,December,11,11/Dec/2012 Credit Union Bill 2012: Committee Stage (Continued),Amendment agreed to.
2012,December,11,11/Dec/2012 Credit Union Bill 2012: Committee Stage (Continued),"Section 4, as amended, agreed to."
2012,December,11,11/Dec/2012 Credit Union Bill 2012: Committee Stage (Continued),Section 5 agreed to.
2012,December,11,11/Dec/2012 Credit Union Bill 2012: Committee Stage (Continued),Amendment agreed to. 
2012,December,11,11/Dec/2012 Credit Union Bill 2012: Committee Stage (Continued),Amendment agreed to.
2012,December,11,11/Dec/2012 Credit Union Bill 2012: Committee Stage (Continued),"Section 6, as amended, agreed to. "
2012,December,11,11/Dec/2012 Credit Union Bill 2012: Committee Stage (Continued),Amendment put and declared lost.
2012,December,11,11/Dec/2012 Credit Union Bill 2012: Committee Stage (Continued),Amendment put and declared lost.
2012,December,11,11/Dec/2012 Credit Union Bill 2012: Committee Stage (Continued),Amendment agreed to.
2012,December,11,11/Dec/2012 Credit Union Bill 2012: Committee Stage (Continued),  Amendment agreed to.  Government amendment No. 11:
2012,December,11,11/Dec/2012 Credit Union Bill 2012: Committee Stage (Continued),  Amendment agreed to.  Government amendment No. 12:
2012,December,11,11/Dec/2012 Credit Union Bill 2012: Committee Stage (Continued),  Amendment agreed to.  Government amendment No. 13:
2012,December,11,11/Dec/2012 Credit Union Bill 2012: Committee Stage (Continued),  Amendment agreed to.  Government amendment No. 14:
2012,December,11,11/Dec/2012 Credit Union Bill 2012: Committee Stage (Continued),  Amendment agreed to.  Government amendment No. 15:
2012,December,11,11/Dec/2012 Credit Union Bill 2012: Committee Stage (Continued),  Amendment agreed to.  Government amendment No. 16:
2012,December,11,11/Dec/2012 Credit Union Bill 2012: Committee Stage (Continued),"  Amendment agreed to.  Section 7, as amended, agreed to.SECTION 8"
2012,December,11,11/Dec/2012 Credit Union Bill 2012: Committee Stage (Continued),Amendment agreed to.
2012,December,11,11/Dec/2012 Credit Union Bill 2012: Committee Stage (Continued),Amendment agreed to.
2012,December,11,11/Dec/2012 Credit Union Bill 2012: Committee Stage (Continued),Acting Chairman (Senator Pat O'Neill):Is the amendment agreed to?
2012,December,11,11/Dec/2012 Credit Union Bill 2012: Committee Stage (Continued),Amendment agreed to.
2012,December,11,11/Dec/2012 Credit Union Bill 2012: Committee Stage (Continued),"Section 8, as amended, agreed to."
2012,December,11,11/Dec/2012 Credit Union Bill 2012: Committee Stage (Continued),Amendment agreed to.
2012,December,11,11/Dec/2012 Credit Union Bill 2012: Committee Stage (Continued),Amendment agreed to.
2012,December,11,11/Dec/2012 Credit Union Bill 2012: Committee Stage (Continued),"Section 9, as amended, agreed to."
2012,December,11,11/Dec/2012 Credit Union Bill 2012: Committee Stage (Continued),Amendment agreed to.
2012,December,11,11/Dec/2012 Credit Union Bill 2012: Committee Stage (Continued),Amendment agreed to.
2012,December,11,11/Dec/2012 Credit Union Bill 2012: Committee Stage (Continued),Amendment agreed to.
2012,December,11,11/Dec/2012 Credit Union Bill 2012: Committee Stage (Continued),"Section 10, as amended, agreed to."
2012,December,11,11/Dec/2012 Credit Union Bill 2012: Committee Stage (Continued),Amendment agreed to.
2012,December,11,11/Dec/2012 Credit Union Bill 2012: Committee Stage (Continued),Amendment agreed to.
2012,December,11,11/Dec/2012 Credit Union Bill 2012: Committee Stage (Continued),Amendment agreed to.
2012,December,11,11/Dec/2012 Credit Union Bill 2012: Committee Stage (Continued),Amendment agreed to.
2012,December,11,11/Dec/2012 Credit Union Bill 2012: Committee Stage (Continued),Amendment agreed to.
2012,December,11,11/Dec/2012 Credit Union Bill 2012: Committee Stage (Continued),Amendment agreed to.
2012,December,11,11/Dec/2012 Credit Union Bill 2012: Committee Stage (Continued),"Section 11, as amended, agreed to."
2012,December,11,11/Dec/2012 Credit Union Bill 2012: Committee Stage (Continued),Amendment agreed to.
2012,December,11,11/Dec/2012 Credit Union Bill 2012: Committee Stage (Continued),Amendment agreed to.
2012,December,11,11/Dec/2012 Credit Union Bill 2012: Committee Stage (Continued),Amendment agreed to.
2012,December,11,11/Dec/2012 Credit Union Bill 2012: Committee Stage (Continued),Amendment agreed to.
2012,December,11,11/Dec/2012 Credit Union Bill 2012: Committee Stage (Continued),"Section 12, as amended, agreed to."
2012,December,11,11/Dec/2012 Credit Union Bill 2012: Committee Stage (Continued),Sections 13 and 14 agreed to.
2012,December,11,11/Dec/2012 Credit Union Bill 2012: Committee Stage (Continued),Amendment agreed to.
2012,December,11,11/Dec/2012 Credit Union Bill 2012: Committee Stage (Continued),Amendment agreed to.
2012,December,11,11/Dec/2012 Credit Union Bill 2012: Committee Stage (Continued),Amendment agreed to.
2012,December,11,11/Dec/2012 Credit Union Bill 2012: Committee Stage (Continued),Amendment agreed to.
2012,December,11,11/Dec/2012 Credit Union Bill 2012: Committee Stage (Continued),Amendment agreed to.
2012,December,11,11/Dec/2012 Credit Union Bill 2012: Committee Stage (Continued),Amendment agreed to.
2012,December,11,11/Dec/2012 Credit Union Bill 2012: Committee Stage (Continued),Amendment agreed to.
2012,December,11,11/Dec/2012 Credit Union Bill 2012: Committee Stage (Continued),  Amendment agreed to.  Government amendment No. 45:
2012,December,11,11/Dec/2012 Credit Union Bill 2012: Committee Stage (Continued),  Amendment agreed to.  Government amendment No. 46:
2012,December,11,11/Dec/2012 Credit Union Bill 2012: Committee Stage (Continued),  Amendment agreed to.  Government amendment No. 47:
2012,December,11,11/Dec/2012 Credit Union Bill 2012: Committee Stage (Continued),  Amendment agreed to.  Government amendment No. 48:
2012,December,11,11/Dec/2012 Credit Union Bill 2012: Committee Stage (Continued),  Amendment agreed to.  Government amendment No. 49:
2012,December,11,11/Dec/2012 Credit Union Bill 2012: Committee Stage (Continued),  Amendment agreed to.  Government amendment No. 50:
2012,December,11,11/Dec/2012 Credit Union Bill 2012: Committee Stage (Continued),  Amendment agreed to.  Government amendment No. 51:
2012,December,11,11/Dec/2012 Credit Union Bill 2012: Committee Stage (Continued),  Amendment agreed to.  Government amendment No. 52:
2012,December,11,11/Dec/2012 Credit Union Bill 2012: Committee Stage (Continued),  Amendment agreed to.
2012,December,11,11/Dec/2012 Credit Union Bill 2012: Committee Stage (Continued),"Section 15, as amended, agreed to."
2012,December,11,11/Dec/2012 Credit Union Bill 2012: Committee Stage (Continued),Amendment agreed to.
2012,December,11,11/Dec/2012 Credit Union Bill 2012: Committee Stage (Continued),"Section 16, as amended, agreed to."
2012,December,11,11/Dec/2012 Credit Union Bill 2012: Committee Stage (Continued),  Amendment agreed to.  Government amendment No. 55:
2012,December,11,11/Dec/2012 Credit Union Bill 2012: Committee Stage (Continued),  Amendment agreed to.  Government amendment No. 56:
2012,December,11,11/Dec/2012 Credit Union Bill 2012: Committee Stage (Continued),  Amendment agreed to.  Government amendment No. 57:
2012,December,11,11/Dec/2012 Credit Union Bill 2012: Committee Stage (Continued),  Amendment agreed to.  Government amendment No. 58:
2012,December,11,11/Dec/2012 Credit Union Bill 2012: Committee Stage (Continued),  Amendment agreed to.
2012,December,11,11/Dec/2012 Credit Union Bill 2012: Committee Stage (Continued),Amendment agreed to.
2012,December,11,11/Dec/2012 Credit Union Bill 2012: Committee Stage (Continued),Amendment agreed to.
2012,December,11,11/Dec/2012 Credit Union Bill 2012: Committee Stage (Continued),Amendment agreed to.
2012,December,11,11/Dec/2012 Credit Union Bill 2012: Committee Stage (Continued),Amendment agreed to.
2012,December,11,11/Dec/2012 Credit Union Bill 2012: Committee Stage (Continued),Amendment agreed to.
2012,December,11,11/Dec/2012 Credit Union Bill 2012: Committee Stage (Continued),Amendment agreed to.
2012,December,11,11/Dec/2012 Credit Union Bill 2012: Committee Stage (Continued),Amendment agreed to.
2012,December,11,11/Dec/2012 Credit Union Bill 2012: Committee Stage (Continued),Amendment agreed to.
2012,December,11,11/Dec/2012 Credit Union Bill 2012: Committee Stage (Continued),Amendment agreed to.
2012,December,11,11/Dec/2012 Credit Union Bill 2012: Committee Stage (Continued),"Section 17, as amended, agreed to."
2012,December,11,11/Dec/2012 Credit Union Bill 2012: Committee Stage (Continued),Amendment agreed to.
2012,December,11,11/Dec/2012 Credit Union Bill 2012: Committee Stage (Continued),"Section 18, as amended, agreed to."
2012,December,11,11/Dec/2012 Credit Union Bill 2012: Committee Stage (Continued),Section 19 agreed to.
2012,December,11,11/Dec/2012 Credit Union Bill 2012: Committee Stage (Continued),Amendment agreed to.
2012,December,11,11/Dec/2012 Credit Union Bill 2012: Committee Stage (Continued),"Section 20, as amended, agreed to."
2012,December,11,11/Dec/2012 Credit Union Bill 2012: Committee Stage (Continued),Amendment agreed to.
2012,December,11,11/Dec/2012 Credit Union Bill 2012: Committee Stage (Continued),Amendment agreed to.
2012,December,11,11/Dec/2012 Credit Union Bill 2012: Committee Stage (Continued),Amendment agreed to.
2012,December,11,11/Dec/2012 Credit Union Bill 2012: Committee Stage (Continued),Amendment agreed to.
2012,December,11,11/Dec/2012 Credit Union Bill 2012: Committee Stage (Continued),Amendment agreed to.
2012,December,11,11/Dec/2012 Credit Union Bill 2012: Committee Stage (Continued),Amendment agreed to.
2012,December,11,11/Dec/2012 Credit Union Bill 2012: Committee Stage (Continued),Amendment agreed to.
2012,December,11,11/Dec/2012 Credit Union Bill 2012: Committee Stage (Continued),"Section 21, as amended, agreed to."
2012,December,11,11/Dec/2012 Credit Union Bill 2012: Committee Stage (Continued),Section 22 agreed to.
2012,December,11,11/Dec/2012 Credit Union Bill 2012: Committee Stage (Continued),Amendment agreed to.
2012,December,11,11/Dec/2012 Credit Union Bill 2012: Committee Stage (Continued),"Section 23, as amended, agreed to. "
2012,December,11,11/Dec/2012 Credit Union Bill 2012: Committee Stage (Continued),Amendment agreed to.
2012,December,11,11/Dec/2012 Credit Union Bill 2012: Committee Stage (Continued),"Section 24, as amended, agreed to. "
2012,December,11,11/Dec/2012 Credit Union Bill 2012: Committee Stage (Continued),Amendment agreed to.
2012,December,11,11/Dec/2012 Credit Union Bill 2012: Committee Stage (Continued),Amendment agreed to.
2012,December,11,11/Dec/2012 Credit Union Bill 2012: Committee Stage (Continued),Amendment agreed to.
2012,December,11,11/Dec/2012 Credit Union Bill 2012: Committee Stage (Continued),Amendment agreed to.
2012,December,11,11/Dec/2012 Credit Union Bill 2012: Committee Stage (Continued),Amendment agreed to.
2012,December,11,11/Dec/2012 Credit Union Bill 2012: Committee Stage (Continued),Amendment agreed to.
2012,December,11,11/Dec/2012 Credit Union Bill 2012: Committee Stage (Continued),Amendment agreed to.
2012,December,11,11/Dec/2012 Credit Union Bill 2012: Committee Stage (Continued),Amendment agreed to.
2012,December,11,11/Dec/2012 Credit Union Bill 2012: Committee Stage (Continued),"Section 25, as amended, agreed to."
2012,December,11,11/Dec/2012 Credit Union Bill 2012: Committee Stage (Continued),Amendment agreed to.
2012,December,11,11/Dec/2012 Credit Union Bill 2012: Committee Stage (Continued),Amendment agreed to.
2012,December,11,11/Dec/2012 Credit Union Bill 2012: Committee Stage (Continued),Amendment agreed to.
2012,December,11,11/Dec/2012 Credit Union Bill 2012: Committee Stage (Continued),Amendment agreed to.
2012,December,11,11/Dec/2012 Credit Union Bill 2012: Committee Stage (Continued),Amendment agreed to.
2012,December,11,11/Dec/2012 Credit Union Bill 2012: Committee Stage (Continued),Amendment agreed to.
2012,December,11,11/Dec/2012 Credit Union Bill 2012: Committee Stage (Continued),"Section 26, as amended, agreed to."
2012,December,11,11/Dec/2012 Credit Union Bill 2012: Committee Stage (Continued),Amendment agreed to.
2012,December,11,11/Dec/2012 Credit Union Bill 2012: Committee Stage (Continued),Amendment agreed to.
2012,December,11,11/Dec/2012 Credit Union Bill 2012: Committee Stage (Continued),Amendment agreed to.
2012,December,11,11/Dec/2012 Credit Union Bill 2012: Committee Stage (Continued),Amendment agreed to.
2012,December,11,11/Dec/2012 Credit Union Bill 2012: Committee Stage (Continued),Amendment agreed to.
2012,December,11,11/Dec/2012 Credit Union Bill 2012: Committee Stage (Continued),Amendment agreed to.
2012,December,11,11/Dec/2012 Credit Union Bill 2012: Committee Stage (Continued),Amendment agreed to.
2012,December,11,11/Dec/2012 Credit Union Bill 2012: Committee Stage (Continued),Amendment agreed to.
2012,December,11,11/Dec/2012 Credit Union Bill 2012: Committee Stage (Continued),Amendment agreed to.
2012,December,11,11/Dec/2012 Credit Union Bill 2012: Committee Stage (Continued),Amendment agreed to.
2012,December,11,11/Dec/2012 Credit Union Bill 2012: Committee Stage (Continued),Amendment agreed to.
2012,December,11,11/Dec/2012 Credit Union Bill 2012: Committee Stage (Continued),Amendment agreed to.
2012,December,11,11/Dec/2012 Credit Union Bill 2012: Committee Stage (Continued),Amendment agreed to.
2012,December,11,11/Dec/2012 Credit Union Bill 2012: Committee Stage (Continued),Amendment agreed to.
2012,December,11,11/Dec/2012 Credit Union Bill 2012: Committee Stage (Continued),Amendment agreed to.
2012,December,11,11/Dec/2012 Credit Union Bill 2012: Committee Stage (Continued),Amendment agreed to.
2012,December,11,11/Dec/2012 Credit Union Bill 2012: Committee Stage (Continued),Amendment agreed to.
2012,December,11,11/Dec/2012 Credit Union Bill 2012: Committee Stage (Continued),Amendment agreed to.
2012,December,11,11/Dec/2012 Credit Union Bill 2012: Committee Stage (Continued),Amendment agreed to.
2012,December,11,11/Dec/2012 Credit Union Bill 2012: Committee Stage (Continued),Amendment agreed to.
2012,December,11,11/Dec/2012 Credit Union Bill 2012: Committee Stage (Continued),Amendment agreed to.
2012,December,11,11/Dec/2012 Credit Union Bill 2012: Committee Stage (Continued),Amendment agreed to.
2012,December,11,11/Dec/2012 Credit Union Bill 2012: Committee Stage (Continued),Amendment agreed to.
2012,December,11,11/Dec/2012 Credit Union Bill 2012: Committee Stage (Continued),Amendment agreed to.
2012,December,11,11/Dec/2012 Credit Union Bill 2012: Committee Stage (Continued),Amendment agreed to.
2012,December,11,11/Dec/2012 Credit Union Bill 2012: Committee Stage (Continued),Amendment agreed to.
2012,December,11,11/Dec/2012 Credit Union Bill 2012: Committee Stage (Continued),Amendment agreed to.
2012,December,11,11/Dec/2012 Credit Union Bill 2012: Committee Stage (Continued),"Section 27, as amended, agreed to."
2012,December,11,11/Dec/2012 Credit Union Bill 2012: Committee Stage (Continued),Section 28 agreed to.
2012,December,11,11/Dec/2012 Credit Union Bill 2012: Committee Stage (Continued),Amendment agreed to.
2012,December,11,11/Dec/2012 Credit Union Bill 2012: Committee Stage (Continued),Amendment agreed to.
2012,December,11,11/Dec/2012 Credit Union Bill 2012: Committee Stage (Continued),Amendment agreed to.
2012,December,11,11/Dec/2012 Credit Union Bill 2012: Committee Stage (Continued),"Section 29, as amended, agreed to."
2012,December,11,11/Dec/2012 Credit Union Bill 2012: Committee Stage (Continued),  Amendment put and declared lost.SECTION 30
2012,December,11,11/Dec/2012 Credit Union Bill 2012: Committee Stage (Continued),Amendment agreed to.
2012,December,11,11/Dec/2012 Credit Union Bill 2012: Committee Stage (Continued),Amendment agreed to.
2012,December,11,11/Dec/2012 Credit Union Bill 2012: Committee Stage (Continued),"Section 30, as amended, agreed to."
2012,December,11,11/Dec/2012 Credit Union Bill 2012: Committee Stage (Continued),Amendment agreed to.
2012,December,11,11/Dec/2012 Credit Union Bill 2012: Committee Stage (Continued),"Section 31, as amended, agreed to."
2012,December,11,11/Dec/2012 Credit Union Bill 2012: Committee Stage (Continued),Sections 32 and 33 agreed to.
2012,December,11,11/Dec/2012 Credit Union Bill 2012: Committee Stage (Continued),Amendment agreed to.
2012,December,11,11/Dec/2012 Credit Union Bill 2012: Committee Stage (Continued),"Section 34, as amended, agreed to."
2012,December,11,11/Dec/2012 Credit Union Bill 2012: Committee Stage (Continued),"Sections 35 to 38, inclusive, agreed to."
2012,December,11,11/Dec/2012 Credit Union Bill 2012: Committee Stage (Continued),Amendment agreed to.
2012,December,11,11/Dec/2012 Credit Union Bill 2012: Committee Stage (Continued),"Section 39, as amended, agreed to."
2012,December,11,11/Dec/2012 Credit Union Bill 2012: Committee Stage (Continued),"Sections 40 to 43, inclusive, agreed to."
2012,December,11,11/Dec/2012 Credit Union Bill 2012: Committee Stage (Continued),Amendment agreed to.
2012,December,11,11/Dec/2012 Credit Union Bill 2012: Committee Stage (Continued),Amendment agreed to.
2012,December,11,11/Dec/2012 Credit Union Bill 2012: Committee Stage (Continued),"Section 44, as amended, agreed to."
2012,December,11,11/Dec/2012 Credit Union Bill 2012: Committee Stage (Continued),Amendment agreed to.
2012,December,11,11/Dec/2012 Credit Union Bill 2012: Committee Stage (Continued),"Section 45, as amended, agreed to."
2012,December,11,11/Dec/2012 Credit Union Bill 2012: Committee Stage (Continued),Section 46 agreed to.
2012,December,11,11/Dec/2012 Credit Union Bill 2012: Committee Stage (Continued),Amendment agreed to.
2012,December,11,11/Dec/2012 Credit Union Bill 2012: Committee Stage (Continued),"Section 47, as amended, agreed to."
2012,December,11,11/Dec/2012 Credit Union Bill 2012: Committee Stage (Continued),Section 48 agreed to.
2012,December,11,11/Dec/2012 Credit Union Bill 2012: Committee Stage (Continued),  Question put and agreed to.  Section 50 agreed to.SECTION 51
2012,December,11,11/Dec/2012 Credit Union Bill 2012: Committee Stage (Continued),Amendment agreed to.
2012,December,11,11/Dec/2012 Credit Union Bill 2012: Committee Stage (Continued),  Amendment agreed to.  Government amendment No. 136:
2012,December,11,11/Dec/2012 Credit Union Bill 2012: Committee Stage (Continued),"  Amendment agreed to.  Section 51, as amended, agreed to.  Sections 52 and 53 agreed to.SECTION 54"
2012,December,11,11/Dec/2012 Credit Union Bill 2012: Committee Stage (Continued),  Amendment agreed to.  Government amendment No. 138:
2012,December,11,11/Dec/2012 Credit Union Bill 2012: Committee Stage (Continued),"  Amendment agreed to.  Section 54, as amended, agreed to.SECTION 55  Government amendment No. 139:"
2012,December,11,11/Dec/2012 Credit Union Bill 2012: Committee Stage (Continued),Amendment agreed to.
2012,December,11,11/Dec/2012 Credit Union Bill 2012: Committee Stage (Continued),"Section 55, as amended, agreed to."
2012,December,11,11/Dec/2012 Credit Union Bill 2012: Committee Stage (Continued),Section 56 agreed to.
2012,December,11,11/Dec/2012 Credit Union Bill 2012: Committee Stage (Continued),Amendment agreed to.
2012,December,11,11/Dec/2012 Credit Union Bill 2012: Committee Stage (Continued),"Section 57, as amended, agreed to."
2012,December,11,11/Dec/2012 Credit Union Bill 2012: Committee Stage (Continued),Amendment agreed to.
2012,December,11,11/Dec/2012 Credit Union Bill 2012: Committee Stage (Continued),Amendment agreed to.
2012,December,11,11/Dec/2012 Credit Union Bill 2012: Committee Stage (Continued),Amendment agreed to.
2012,December,11,11/Dec/2012 Credit Union Bill 2012: Committee Stage (Continued),Amendment agreed to.
2012,December,11,11/Dec/2012 Credit Union Bill 2012: Committee Stage (Continued),Amendment agreed to.
2012,December,11,11/Dec/2012 Credit Union Bill 2012: Committee Stage (Continued),Amendment agreed to.
2012,December,11,11/Dec/2012 Credit Union Bill 2012: Committee Stage (Continued),Amendment agreed to.
2012,December,11,11/Dec/2012 Credit Union Bill 2012: Committee Stage (Continued),Amendment agreed to.
2012,December,11,11/Dec/2012 Credit Union Bill 2012: Committee Stage (Continued),Amendment agreed to.
2012,December,11,11/Dec/2012 Credit Union Bill 2012: Committee Stage (Continued),"Section 58, as amended, agreed to."
2012,December,11,11/Dec/2012 Credit Union Bill 2012: Committee Stage (Continued),Amendment agreed to.
2012,December,11,11/Dec/2012 Credit Union Bill 2012: Committee Stage (Continued),"Section 59, as amended, agreed to."
2012,December,11,11/Dec/2012 Credit Union Bill 2012: Committee Stage (Continued),Amendment agreed to.
2012,December,11,11/Dec/2012 Credit Union Bill 2012: Committee Stage (Continued),Amendment agreed to.
2012,December,11,11/Dec/2012 Credit Union Bill 2012: Committee Stage (Continued),Amendment agreed to.
2012,December,11,11/Dec/2012 Credit Union Bill 2012: Committee Stage (Continued),Amendment agreed to.
2012,December,11,11/Dec/2012 Credit Union Bill 2012: Committee Stage (Continued),Amendment agreed to.
2012,December,11,11/Dec/2012 Credit Union Bill 2012: Committee Stage (Continued),"Section 60, as amended, agreed to."
2012,December,11,11/Dec/2012 Credit Union Bill 2012: Committee Stage (Continued),Acting Chairman (Senator Michael Mullins):Is that agreed?  Agreed.
2012,December,11,11/Dec/2012 Credit Union Bill 2012: Committee Stage (Continued),Section 61 agreed to.
2012,December,11,11/Dec/2012 Credit Union Bill 2012: Committee Stage (Continued),Amendment agreed to.
2012,December,11,11/Dec/2012 Credit Union Bill 2012: Committee Stage (Continued),"Section 62, as amended, agreed to."
2012,December,11,11/Dec/2012 Credit Union Bill 2012: Committee Stage (Continued),"Sections 63 to 65, inclusive, agreed to."
2012,December,11,11/Dec/2012 Credit Union Bill 2012: Committee Stage (Continued),Amendment agreed to.
2012,December,11,11/Dec/2012 Credit Union Bill 2012: Committee Stage (Continued),Amendment agreed to.
2012,December,11,11/Dec/2012 Credit Union Bill 2012: Committee Stage (Continued),Amendment agreed to.
2012,December,11,11/Dec/2012 Credit Union Bill 2012: Committee Stage (Continued),Amendment agreed to.
2012,December,11,11/Dec/2012 Credit Union Bill 2012: Committee Stage (Continued),Amendment agreed to.
2012,December,11,11/Dec/2012 Credit Union Bill 2012: Committee Stage (Continued),Amendment agreed to.
2012,December,11,11/Dec/2012 Credit Union Bill 2012: Committee Stage (Continued),Amendment agreed to.
2012,December,11,11/Dec/2012 Credit Union Bill 2012: Committee Stage (Continued),"Section 66, as amended, agreed to."
2012,December,11,11/Dec/2012 Credit Union Bill 2012: Committee Stage (Continued),Sections 68 and 69 agreed to.
2012,December,11,11/Dec/2012 Credit Union Bill 2012: Committee Stage (Continued),Amendment agreed to.
2012,December,11,11/Dec/2012 Credit Union Bill 2012: Committee Stage (Continued),Amendment agreed to.
2012,December,11,11/Dec/2012 Credit Union Bill 2012: Committee Stage (Continued),Amendment agreed to.
2012,December,11,11/Dec/2012 Credit Union Bill 2012: Committee Stage (Continued),Amendment agreed to.
2012,December,11,11/Dec/2012 Credit Union Bill 2012: Committee Stage (Continued),Amendment agreed to.
2012,December,11,11/Dec/2012 Credit Union Bill 2012: Committee Stage (Continued),Amendment agreed to.
2012,December,11,11/Dec/2012 Credit Union Bill 2012: Committee Stage (Continued),Amendment agreed to.
2012,December,11,11/Dec/2012 Credit Union Bill 2012: Committee Stage (Continued),Amendment agreed to.
2012,December,11,11/Dec/2012 Credit Union Bill 2012: Committee Stage (Continued),Amendment agreed to.
2012,December,11,11/Dec/2012 Credit Union Bill 2012: Committee Stage (Continued),Amendment agreed to.
2012,December,11,11/Dec/2012 Credit Union Bill 2012: Committee Stage (Continued),Amendment agreed to.
2012,December,11,11/Dec/2012 Credit Union Bill 2012: Committee Stage (Continued),Amendment agreed to.
2012,December,11,11/Dec/2012 Credit Union Bill 2012: Committee Stage (Continued),"Schedule, as amended, agreed to."
2012,December,11,11/Dec/2012 Credit Union Bill 2012: Committee Stage (Continued),Amendment agreed to.
2012,December,11,11/Dec/2012 Credit Union Bill 2012: Committee Stage (Continued),Amendment agreed to.
2012,December,11,11/Dec/2012 Credit Union Bill 2012: Committee Stage (Continued),Amendment agreed to.
2012,December,11,11/Dec/2012 Credit Union Bill 2012: Committee Stage (Continued),Amendment agreed to.
2012,December,11,11/Dec/2012 Credit Union Bill 2012: Committee Stage (Continued),Amendment agreed to.
